Kind,Name,AltCountLineCode,CountInput,CountLineCode,CountLineCodeDecl,CountLineCodeExe,CountLineInactive,CountLinePreprocessor,CountOutput,CountPath,CountPathLog,CountSemicolon,CountStmt,CountStmtDecl,CountStmtEmpty,CountStmtExe,Cyclomatic,CyclomaticModified,CyclomaticStrict,Essential,Knots,MaxEssentialKnots,MaxNesting,MinEssentialKnots
Static Function,"IDAT_end",11,1,11,6,1,0,0,0,1,0,7,7,7,0,0,1,1,1,1,0,0,0,0
Static Function,"IDAT_list_end",13,0,13,5,0,0,0,0,1,0,6,6,6,0,0,1,1,1,1,0,0,0,0
Static Function,"IDAT_list_extend",19,0,19,6,2,0,0,1,2,0,10,7,5,0,2,2,2,2,1,0,0,1,0
Static Function,"IDAT_list_init",7,0,7,2,0,0,0,0,1,0,3,2,2,0,0,1,1,1,1,0,0,0,0
Function,"PNG_FUNCTION",7,0,7,4,0,0,0,1,1,0,3,2,2,0,0,1,1,1,1,0,0,0,0
File,"PngFile.c_PngFileInitialize.c",25,,25,2,0,0,0,,,,21,3,3,0,0,,,,,,,0,
File,"PngFile.c_PngFileOpenDlg.c",9,,9,2,0,0,0,,,,5,2,2,0,0,,,,,,,0,
File,"PngFile.c_PngFileSaveDlg.c",9,,9,2,0,0,0,,,,5,2,2,0,0,,,,,,,0,
File,"PngFile.c_PngLoadImage.c",126,,114,13,1,7,8,,,,66,19,14,0,5,,,,,,,1,
File,"PngFile.c_PngSaveImage.c",61,,57,11,3,1,3,,,,36,14,12,0,2,,,,,,,1,
File,"PngFile.c_png_cexcept_error.c",11,,8,1,1,1,2,,,,3,3,1,1,1,,,,,,,1,
File,"PngFile.c_png_flush.c",8,,8,2,0,0,0,,,,3,2,2,0,0,,,,,,,0,
File,"PngFile.c_png_read_data.c",11,,11,2,1,0,0,,,,3,3,2,0,1,,,,,,,1,
File,"PngFile.c_png_write_data.c",10,,10,3,1,0,0,,,,3,4,3,0,1,,,,,,,1,
Function,"PngFileInitialize",25,0,25,2,0,0,0,0,1,0,21,2,2,0,0,1,1,1,1,0,0,0,0
Function,"PngFileOpenDlg",8,0,8,1,0,0,0,1,1,0,5,1,1,0,0,1,1,1,1,0,0,0,0
Function,"PngFileSaveDlg",8,0,8,1,0,0,0,1,1,0,5,1,1,0,0,1,1,1,1,0,0,0,0
Function,"PngLoadImage",126,0,114,12,0,7,8,1,32,2,66,18,13,0,5,6,6,6,1,0,0,1,0
Function,"PngSaveImage",60,0,56,10,2,1,3,1,4,1,36,13,11,0,2,3,3,3,1,0,0,1,0
File,"VisualPng.c_AboutDlgProc.c",23,,23,1,0,0,0,,,,8,1,1,0,0,,,,,,,0,
File,"VisualPng.c_BuildPngList.c",69,,69,0,0,0,0,,,,46,0,0,0,0,,,,,,,0,
File,"VisualPng.c_CenterAbout.c",38,,38,0,0,0,0,,,,21,0,0,0,0,,,,,,,0,
File,"VisualPng.c_DisplayImage.c",48,,48,0,0,0,0,,,,27,0,0,0,0,,,,,,,0,
File,"VisualPng.c_FillBitmap.c",122,,122,0,0,0,0,,,,78,0,0,0,0,,,,,,,0,
File,"VisualPng.c_InitBitmap.c",24,,24,0,0,0,0,,,,15,0,0,0,0,,,,,,,0,
File,"VisualPng.c_LoadImageFile.c",41,,41,0,0,0,0,,,,16,0,0,0,0,,,,,,,0,
File,"VisualPng.c_SearchPngList.c",55,,55,0,0,0,0,,,,15,0,0,0,0,,,,,,,0,
File,"VisualPng.c_WinMain.c",56,,56,1,0,0,0,,,,29,1,1,0,0,,,,,,,0,
File,"VisualPng.c_WndProc.c",160,,160,1,0,0,0,,,,87,1,1,0,0,,,,,,,0,
Static Function,"YfromRGBint",8,3,8,5,4,0,0,2,1,0,4,5,4,0,1,1,1,1,1,0,0,0,0
Static Function,"add_one_file",34,1,34,9,10,0,0,2,10,1,18,21,8,3,12,6,6,6,6,8,8,3,7
Static Function,"allocate",15,1,15,5,2,0,0,0,2,0,5,8,7,0,1,2,2,2,1,1,0,1,0
Static Function,"allocbuffer",22,0,22,5,2,0,0,1,3,0,10,7,4,0,3,3,3,3,3,2,2,2,2
Static Function,"ancillary",5,1,5,2,1,0,0,3,1,0,1,3,2,0,1,1,1,1,1,0,0,0,0
Static Function,"ancillaryb",5,0,5,2,0,0,0,1,1,0,1,2,2,0,0,1,1,1,1,0,0,0,0
File,"android-ndk.c_png_have_neon.c",7,,7,2,0,0,0,,,,1,2,2,0,0,,,,,,,0,
Static Function,"bad_parameter_count",6,0,6,2,1,0,0,1,1,0,2,2,1,0,1,1,1,1,1,0,0,0,0
Static Function,"bit_size",13,0,13,2,0,0,0,1,1,0,6,1,1,0,0,1,1,1,1,0,0,0,0
Static Function,"buffer_destroy",7,1,7,4,2,0,0,2,1,0,3,7,5,0,2,1,1,1,1,0,0,0,0
Static Function,"buffer_destroy_list",10,1,10,3,3,0,0,1,2,0,3,6,3,0,3,2,2,2,1,0,0,1,0
Static Function,"buffer_extend",12,0,12,5,1,0,0,1,1,0,7,4,3,0,1,1,1,1,1,0,0,0,0
Static Function,"buffer_from_file",38,0,38,7,10,0,0,2,6,1,15,19,9,4,8,6,6,6,4,5,5,4,4
Static Function,"buffer_read",37,0,37,6,0,0,0,0,1,0,17,7,7,0,0,1,1,1,1,0,0,0,0
Static Function,"buffer_start_read",6,0,6,1,0,0,0,0,1,0,2,1,1,0,0,1,1,1,1,0,0,0,0
Static Function,"buffer_start_write",7,0,7,1,0,0,0,0,1,0,3,1,1,0,0,1,1,1,1,0,0,0,0
Static Function,"calcerr",9,0,9,1,0,0,0,1,1,0,3,0,0,0,0,1,1,1,1,0,0,0,0
Static Function,"channels_of_type",16,0,16,2,8,0,0,1,5,1,5,8,1,0,7,4,4,4,3,2,2,2,2
Static Function,"check",142,3,137,23,31,5,3,7,187,2,76,59,24,4,36,19,17,19,11,22,18,4,17
Static Function,"check16",9,0,9,2,6,0,0,1,2,0,4,5,1,0,4,3,3,3,3,2,2,2,2
Static Function,"check_all_characters",10,0,10,3,3,0,0,1,4,1,5,7,2,0,7,4,4,4,4,4,4,3,4
Static Function,"check_error",13,0,13,3,0,0,0,0,1,0,5,3,3,0,0,1,1,1,1,0,0,0,0
Static Function,"check_handling",95,0,95,8,0,0,0,0,1,0,36,7,7,0,0,1,1,1,1,0,0,0,0
Static Function,"check_interlace_type",9,0,9,2,2,0,0,1,2,0,2,3,1,0,2,2,2,2,1,1,0,1,0
Static Function,"check_one_character",141,1,141,11,27,0,0,3,64,2,59,41,11,1,29,18,18,20,16,30,29,3,29
Static Function,"check_param_count",9,2,9,2,2,0,0,1,2,0,2,3,1,0,2,2,2,2,1,1,0,1,0
Static Function,"check_some_characters",17,1,17,5,4,0,0,1,5,1,7,10,3,1,8,5,5,5,5,6,6,4,6
Static Function,"checkbuffer",16,0,16,4,3,0,0,1,3,0,6,7,3,0,4,3,3,3,3,2,2,1,2
Static Function,"checkopaque",13,0,13,3,4,0,0,1,3,0,4,6,2,1,3,3,3,3,3,4,4,1,4
File,"checksum-icc.c_main.c",33,,33,9,13,0,0,,,,16,21,9,0,14,,,,,,,3,
File,"checksum-icc.c_read_one_file.c",36,,34,6,5,0,2,,,,17,13,7,3,5,,,,,,,2,
Static Function,"chrm_modification_init",21,0,21,5,0,0,0,0,1,0,16,4,4,0,0,1,1,1,1,0,0,0,0
Static Function,"chrm_modify",16,1,16,3,2,0,0,2,1,0,11,4,2,0,2,1,1,1,1,0,0,0,0
Static Function,"chromaticity_x",5,0,5,1,0,0,0,1,1,0,1,0,0,0,0,1,1,1,1,0,0,0,0
Static Function,"chromaticity_y",5,0,5,1,0,0,0,1,1,0,1,0,0,0,0,1,1,1,1,0,0,0,0
Static Function,"chunk_end",7,1,7,3,1,0,0,0,1,0,3,3,3,0,0,1,1,1,1,0,0,0,0
Static Function,"chunk_message",5,0,5,2,0,0,0,0,1,0,1,2,2,0,0,1,1,1,1,0,0,0,0
Static Function,"clean_display",11,0,11,3,2,0,0,1,2,0,3,4,2,0,2,2,2,2,1,1,0,1,0
Static Function,"clear",6,0,6,2,0,0,0,0,1,0,2,2,2,0,0,1,1,1,1,0,0,0,0
Static Function,"clear_keep",7,0,7,2,0,0,0,0,1,0,2,1,1,0,0,1,1,1,1,0,0,0,0
Static Function,"clear_text",11,0,11,1,0,0,0,0,1,0,7,0,0,0,0,1,1,1,1,0,0,0,0
Static Function,"closestinteger",5,1,5,1,1,0,0,2,1,0,1,1,0,0,1,1,1,1,1,0,0,0,0
Static Function,"cmppixel",71,0,71,9,20,0,0,1,160,2,33,36,7,1,28,14,14,14,8,12,9,2,9
Static Function,"compare_read",191,0,188,21,39,0,3,1,290,2,107,68,24,7,40,12,8,13,8,18,16,3,16
Static Function,"compare_two_images",217,0,217,23,23,0,0,1,52,2,116,43,23,2,18,11,11,11,3,6,2,3,2
Function,"component",12,4,12,5,4,0,0,3,2,0,5,7,4,0,4,2,2,6,1,0,0,1,0
Static Function,"component",21,1,21,3,8,0,0,2,6,1,12,15,1,6,8,6,2,6,6,0,0,1,0
Static Function,"component_loc",45,0,27,1,3,14,4,1,4,1,17,3,0,1,2,3,3,3,1,2,0,1,0
Static Function,"control_end",5,0,5,2,0,0,0,1,1,0,1,2,2,0,0,1,1,1,1,0,0,0,0
Static Function,"crc_init_4",8,0,8,1,0,0,0,1,1,0,4,0,0,0,0,1,1,1,1,0,0,0,0
Static Function,"crc_one_byte",5,0,5,1,0,0,0,1,1,0,1,0,0,0,0,1,1,1,1,0,0,0,0
Static Function,"current_type",14,0,14,2,2,0,0,1,2,0,4,3,1,1,1,2,2,2,1,1,0,1,0
File,"cvtcolor.c_component.c",12,,12,5,4,0,0,,,,5,9,6,0,4,,,,,,,1,
File,"cvtcolor.c_main.c",111,,111,24,72,0,0,,,,68,93,26,0,83,,,,,,,4,
File,"cvtcolor.c_usage.c",8,,8,3,1,0,0,,,,2,4,3,0,1,,,,,,,0,
Function,"defined",109,0,80,9,12,29,4,3,12,1,61,20,8,1,11,5,5,5,1,2,0,2,0
Static Function,"deinterlace_row",13,0,13,5,0,0,0,0,1,0,7,3,3,0,0,1,1,1,1,0,0,0,0
Static Function,"display_clean",13,1,10,3,1,1,2,1,1,0,7,4,3,0,1,1,1,1,1,0,0,0,0
Static Function,"display_clean_read",6,0,6,2,0,0,0,0,1,0,1,2,2,0,0,1,1,1,1,0,0,0,0
Static Function,"display_clean_write",6,0,6,2,0,0,0,0,1,0,1,2,2,0,0,1,1,1,1,0,0,0,0
Static Function,"display_destroy",8,0,5,2,0,1,2,0,1,0,2,2,2,0,0,1,1,1,1,0,0,0,0
Static Function,"display_rc",5,0,5,1,0,0,0,1,1,0,1,0,0,0,0,1,1,1,1,0,0,0,0
Static Function,"extract",41,0,41,10,4,0,0,1,4,1,21,16,10,1,5,4,4,4,3,3,2,1,2
Static Function,"extract_one_file",59,1,59,11,19,0,0,8,13,1,25,31,10,3,19,9,9,9,1,6,0,6,0
File,"fakepng.c_main.c",8,,8,3,0,0,0,,,,5,3,3,0,0,,,,,,,0,
File,"fakepng.c_put_chunk.c",9,,9,4,0,0,0,,,,5,4,4,0,0,,,,,,,0,
File,"fakepng.c_put_uLong.c",8,,8,2,0,0,0,,,,4,2,2,0,0,,,,,,,0,
Static Function,"file_end",24,0,24,9,2,0,0,1,3,0,11,13,10,0,3,3,3,3,1,0,0,2,0
Static Function,"file_getpos",9,0,9,4,1,0,0,0,2,0,2,5,4,0,1,2,2,2,1,0,0,1,0
Static Function,"file_setpos",9,0,9,4,1,0,0,0,2,0,2,5,4,0,1,2,2,2,1,0,0,1,0
Static Function,"find",11,0,11,2,0,0,0,1,1,0,3,1,1,0,0,1,1,1,1,0,0,0,0
Static Function,"find_by_flag",8,0,8,3,1,0,0,2,1,0,4,3,2,0,1,1,1,1,1,0,0,0,0
Static Function,"find_insert",55,0,50,7,6,2,3,2,6,1,26,13,7,1,7,4,4,7,3,4,2,2,1
Static Function,"find_parameters",22,0,22,4,3,0,0,2,2,0,10,5,2,0,3,2,2,2,1,1,0,1,0
Static Function,"findb",11,0,11,2,0,0,0,1,1,0,3,1,1,0,0,1,1,1,1,0,0,0,0
Function,"finvsRGB",5,3,5,2,1,0,0,2,1,0,1,2,1,0,1,1,1,1,1,0,0,0,0
Function,"finvsRGB",5,2,5,2,1,0,0,2,1,0,1,2,1,0,1,1,1,1,1,0,0,0,0
Function,"finvsRGB",5,3,5,2,1,0,0,2,1,0,1,2,1,0,1,1,1,1,1,0,0,0,0
Static Function,"first_transform",5,1,5,1,1,0,0,1,1,0,1,1,0,0,1,1,1,1,1,0,0,0,0
Static Function,"fix",6,0,6,1,0,0,0,1,1,0,2,0,0,0,0,1,1,1,1,0,0,0,0
Static Function,"format_default",31,1,21,3,2,5,6,0,2,0,10,3,2,0,1,2,2,2,1,1,0,1,0
Static Function,"format_init",6,0,6,2,0,0,0,0,1,0,4,1,1,0,0,1,1,1,1,0,0,0,0
Static Function,"format_is_initial",8,0,8,2,1,0,0,1,1,0,5,2,1,0,1,1,1,1,1,0,0,0,0
Static Function,"format_isset",5,0,5,1,0,0,0,1,1,0,1,0,0,0,0,1,1,1,1,0,0,0,0
Static Function,"format_set",6,0,6,1,1,0,0,1,1,0,2,1,0,0,1,1,1,1,1,0,0,0,0
Static Function,"formatof",15,1,15,4,1,0,0,2,1,0,8,3,3,0,1,1,1,1,1,0,0,0,0
Static Function,"freebuffer",8,0,8,1,0,0,0,0,1,0,4,0,0,0,0,1,1,1,1,0,0,0,0
Static Function,"freeimage",22,0,22,5,1,0,0,0,8,1,9,7,4,0,3,4,4,4,1,0,0,1,0
Function,"fsRGB",5,2,5,2,0,0,0,1,1,0,1,1,1,0,0,1,1,1,1,0,0,0,0
Static Function,"gama_modification_init",13,1,13,4,1,0,0,1,1,0,9,4,3,0,1,1,1,1,1,0,0,0,0
Static Function,"gama_modify",9,1,9,3,2,0,0,2,1,0,4,4,2,0,2,1,1,1,1,0,0,0,0
Static Function,"gamma_component_compose",48,5,14,3,7,39,4,2,1,0,10,8,1,0,7,1,1,1,1,0,0,1,0
Static Function,"gamma_component_validate",334,0,290,31,86,22,24,4,409636669,9,153,132,34,5,93,42,42,44,13,24,14,4,14
Static Function,"gamma_display_init",25,0,25,6,0,0,0,0,1,0,14,1,1,0,0,1,1,1,1,0,0,0,0
Static Function,"gamma_image_validate",106,0,106,16,5,0,0,0,2,0,48,16,14,0,2,2,2,2,1,0,0,1,0
Static Function,"gamma_info_imp",86,0,32,7,2,47,31,0,3,0,28,8,6,0,2,3,3,3,1,1,0,2,0
Static Function,"gamma_threshold_test",16,2,16,8,6,0,0,2,1,0,7,9,5,0,4,1,1,1,1,0,0,0,0
Static Function,"gamma_transform_test",26,0,26,12,8,0,0,1,4,1,11,13,6,0,7,3,3,3,1,1,0,1,0
Static Function,"generate_palette",55,2,53,6,19,0,2,2,9,1,22,29,6,5,22,9,5,9,7,16,16,4,16
Static Function,"generate_row",156,2,156,16,27,0,0,2,12,1,77,41,13,2,26,12,6,12,12,38,38,2,38
Static Function,"get_control",7,0,7,4,0,0,0,1,1,0,2,4,4,0,0,1,1,1,1,0,0,0,0
Static Function,"get_pixel",104,0,50,1,8,42,16,1,8,1,18,11,0,4,7,8,8,8,1,7,0,3,0
Static Function,"get_unknown",39,1,39,6,2,0,0,2,2,0,13,9,7,0,2,2,2,2,1,0,0,1,0
Static Function,"get_valid",27,0,27,3,0,0,0,1,1,0,12,2,2,0,0,1,1,1,1,0,0,0,0
Static Function,"global_end",9,0,9,4,1,0,0,1,1,0,5,5,4,0,1,1,1,1,1,0,0,0,0
Static Function,"global_init",14,0,14,3,0,0,0,0,1,0,10,3,3,0,0,1,1,1,1,0,0,0,0
Static Function,"gp_abgr16",9,0,9,1,0,0,0,0,1,0,5,0,0,0,0,1,1,1,1,0,0,0,0
Static Function,"gp_abgr8",9,0,9,1,0,0,0,0,1,0,5,0,0,0,0,1,1,1,1,0,0,0,0
Static Function,"gp_ag16",7,0,7,1,0,0,0,0,1,0,3,0,0,0,0,1,1,1,1,0,0,0,0
Static Function,"gp_ag8",7,0,7,1,0,0,0,0,1,0,3,0,0,0,0,1,1,1,1,0,0,0,0
Static Function,"gp_argb16",9,0,9,1,0,0,0,0,1,0,5,0,0,0,0,1,1,1,1,0,0,0,0
Static Function,"gp_argb8",9,0,9,1,0,0,0,0,1,0,5,0,0,0,0,1,1,1,1,0,0,0,0
Static Function,"gp_bgr16",9,0,9,1,0,0,0,0,1,0,5,0,0,0,0,1,1,1,1,0,0,0,0
Static Function,"gp_bgr8",9,0,9,1,0,0,0,0,1,0,5,0,0,0,0,1,1,1,1,0,0,0,0
Static Function,"gp_bgra16",9,0,9,1,0,0,0,0,1,0,5,0,0,0,0,1,1,1,1,0,0,0,0
Static Function,"gp_bgra8",9,0,9,1,0,0,0,0,1,0,5,0,0,0,0,1,1,1,1,0,0,0,0
Static Function,"gp_g16",7,0,7,1,0,0,0,0,1,0,3,0,0,0,0,1,1,1,1,0,0,0,0
Static Function,"gp_g8",7,0,7,1,0,0,0,0,1,0,3,0,0,0,0,1,1,1,1,0,0,0,0
Static Function,"gp_ga16",7,0,7,1,0,0,0,0,1,0,3,0,0,0,0,1,1,1,1,0,0,0,0
Static Function,"gp_ga8",7,0,7,1,0,0,0,0,1,0,3,0,0,0,0,1,1,1,1,0,0,0,0
Static Function,"gp_rgb16",9,0,9,1,0,0,0,0,1,0,5,0,0,0,0,1,1,1,1,0,0,0,0
Static Function,"gp_rgb8",9,0,9,1,0,0,0,0,1,0,5,0,0,0,0,1,1,1,1,0,0,0,0
Static Function,"gp_rgba16",9,0,9,1,0,0,0,0,1,0,5,0,0,0,0,1,1,1,1,0,0,0,0
Static Function,"gp_rgba8",9,0,9,1,0,0,0,0,1,0,5,0,0,0,0,1,1,1,1,0,0,0,0
Static Function,"gpc_A",9,0,9,1,0,0,0,0,1,0,5,0,0,0,0,1,1,1,1,0,0,0,0
Static Function,"gpc_b16c",20,0,20,4,4,0,0,0,2,0,10,5,3,0,2,2,2,2,1,1,0,1,0
Static Function,"gpc_b16g",14,0,14,4,4,0,0,0,2,0,6,6,3,1,2,2,2,2,1,1,0,1,0
Static Function,"gpc_bckc",24,0,24,3,3,0,0,0,3,0,11,4,2,0,2,3,3,3,1,2,0,1,0
Static Function,"gpc_bckg",14,0,14,3,3,0,0,0,3,0,5,6,2,2,2,3,3,3,1,2,0,1,0
Static Function,"gpc_cb16",26,0,26,5,5,0,0,0,3,0,13,7,4,0,3,3,3,3,1,2,0,1,0
Static Function,"gpc_g16",7,0,7,2,0,0,0,0,1,0,3,2,2,0,0,1,1,1,1,0,0,0,0
Static Function,"gpc_g16q",7,0,7,2,0,0,0,0,1,0,3,2,2,0,0,1,1,1,1,0,0,0,0
Static Function,"gpc_g8",11,0,11,2,0,0,0,0,1,0,4,2,2,0,0,1,1,1,1,0,0,0,0
Static Function,"gpc_g8b",21,0,21,3,3,0,0,0,3,0,6,6,3,1,2,3,3,3,1,2,0,1,0
Static Function,"gpc_gb16",16,0,16,5,5,0,0,0,3,0,7,9,4,2,3,3,3,3,1,2,0,1,0
Static Function,"gpc_glin",11,0,11,4,0,0,0,0,1,0,4,3,3,0,0,1,1,1,1,0,0,0,0
Static Function,"gpc_gpre",11,0,11,4,0,0,0,0,1,0,4,3,3,0,0,1,1,1,1,0,0,0,0
Static Function,"gpc_gprq",11,0,11,4,0,0,0,0,1,0,4,3,3,0,0,1,1,1,1,0,0,0,0
Static Function,"gpc_lin",25,0,25,2,2,0,0,0,2,0,10,2,1,0,1,2,2,2,1,1,0,1,0
Static Function,"gpc_noop",9,0,9,1,0,0,0,0,1,0,5,0,0,0,0,1,1,1,1,0,0,0,0
Static Function,"gpc_nop6",14,0,14,1,2,0,0,0,2,0,6,2,0,1,1,2,2,2,1,1,0,1,0
Static Function,"gpc_nop8",14,0,14,1,2,0,0,0,2,0,6,2,0,1,1,2,2,2,1,1,0,1,0
Static Function,"gpc_pre",25,0,25,2,2,0,0,0,2,0,10,2,1,0,1,2,2,2,1,1,0,1,0
Static Function,"gpc_preq",25,0,25,2,2,0,0,0,2,0,10,2,1,0,1,2,2,2,1,1,0,1,0
Static Function,"gpc_sCp",17,0,17,3,2,0,0,0,2,0,7,3,2,0,1,2,2,2,1,1,0,1,0
Static Function,"gpc_sG",7,0,7,2,0,0,0,0,1,0,3,2,2,0,0,1,1,1,1,0,0,0,0
Static Function,"gpc_sGp",15,0,15,3,2,0,0,0,2,0,5,4,3,0,1,2,2,2,1,1,0,1,0
Static Function,"gpc_sRGB",25,0,25,2,2,0,0,0,2,0,10,2,1,0,1,2,2,2,1,1,0,1,0
Static Function,"gpc_unpc",17,0,17,3,2,0,0,0,2,0,7,3,2,0,1,2,2,2,1,1,0,1,0
Static Function,"gpc_unpg",15,0,15,3,2,0,0,0,2,0,5,3,2,0,1,2,2,2,1,1,0,1,0
File,"iccfrompng.c_extract.c",41,,41,12,4,0,0,,,,21,19,13,1,5,,,,,,,1,
File,"iccfrompng.c_extract_one_file.c",59,,59,17,19,0,0,,,,25,39,18,3,19,,,,,,,6,
File,"iccfrompng.c_main.c",14,,14,5,6,0,0,,,,7,11,5,1,7,,,,,,,2,
Static Function,"ilinear",5,0,5,2,0,0,0,1,1,0,1,1,1,0,0,1,1,1,1,0,0,0,0
Static Function,"ilinear_g22",5,0,5,2,0,0,0,1,1,0,1,1,1,0,0,1,1,1,1,0,0,0,0
Static Function,"ilineara",5,0,5,2,0,0,0,1,1,0,1,1,1,0,0,1,1,1,1,0,0,0,0
Static Function,"ilineara_g22",5,0,5,2,0,0,0,1,1,0,1,1,1,0,0,1,1,1,1,0,0,0,0
Static Function,"image_pixel_add_alpha",41,0,41,2,3,0,0,0,6,1,13,7,1,1,5,6,6,6,1,2,0,3,0
Static Function,"image_pixel_convert_PLTE",15,0,15,1,2,0,0,0,3,0,4,3,0,1,2,3,3,3,1,1,0,2,0
Static Function,"image_pixel_init",41,0,41,5,4,0,0,0,4,1,20,7,3,0,4,4,4,4,1,1,0,2,0
Static Function,"image_pixel_setf",24,0,24,1,0,0,0,0,1,0,12,0,0,0,0,1,1,1,1,0,0,0,0
Static Function,"image_size_of_type",16,3,16,2,10,0,0,2,4,1,5,9,2,0,8,4,4,4,4,3,3,2,3
Static Function,"image_transform_add",55,0,55,5,5,0,0,2,5,1,25,9,4,3,4,4,4,4,3,3,3,2,2
Static Function,"image_transform_add",54,0,54,0,4,0,0,2,5,1,25,5,0,3,4,4,4,4,3,3,3,2,2
Static Function,"image_transform_default_add",10,0,10,3,1,0,0,1,1,0,3,2,1,0,1,1,1,1,1,0,0,0,0
Static Function,"image_transform_default_ini",6,0,6,2,0,0,0,0,1,0,1,0,0,0,0,1,1,1,1,0,0,0,0
Static Function,"image_transform_ini_end",7,0,7,3,0,0,0,0,1,0,0,1,1,0,0,1,1,1,1,0,0,0,0
Static Function,"image_transform_mod_end",36,0,36,4,3,0,0,0,4,1,15,4,2,0,2,3,3,3,1,2,0,1,0
Static Function,"image_transform_png_set_background_mod",43,0,43,5,2,0,0,0,3,0,22,4,2,0,2,3,3,3,1,1,0,2,0
Static Function,"image_transform_png_set_background_set",39,0,35,6,5,1,3,0,4,1,20,9,4,1,4,3,3,3,1,2,0,1,0
Static Function,"image_transform_png_set_expand_16_add",9,0,9,3,0,0,0,1,1,0,3,1,1,0,0,1,1,1,1,0,0,0,0
Static Function,"image_transform_png_set_expand_16_mod",13,0,13,5,0,0,0,0,1,0,4,2,2,0,0,1,1,1,1,0,0,0,0
Static Function,"image_transform_png_set_expand_16_set",7,0,7,3,0,0,0,0,1,0,2,1,1,0,0,1,1,1,1,0,0,0,0
Static Function,"image_transform_png_set_expand_add",9,0,9,3,0,0,0,1,1,0,3,1,1,0,0,1,1,1,1,0,0,0,0
Static Function,"image_transform_png_set_expand_gray_1_2_4_to_8_add",7,0,7,3,0,0,0,1,1,0,1,1,1,0,0,1,1,1,1,0,0,0,0
Static Function,"image_transform_png_set_expand_gray_1_2_4_to_8_mod",7,0,7,4,0,0,0,0,1,0,1,1,1,0,0,1,1,1,1,0,0,0,0
Static Function,"image_transform_png_set_expand_gray_1_2_4_to_8_set",8,0,8,4,0,0,0,0,1,0,2,1,1,0,0,1,1,1,1,0,0,0,0
Static Function,"image_transform_png_set_expand_mod",13,0,13,5,0,0,0,0,1,0,4,2,2,0,0,1,1,1,1,0,0,0,0
Static Function,"image_transform_png_set_expand_set",7,0,7,3,0,0,0,0,1,0,2,1,1,0,0,1,1,1,1,0,0,0,0
Static Function,"image_transform_png_set_gray_to_rgb_add",9,0,9,3,0,0,0,1,1,0,3,1,1,0,0,1,1,1,1,0,0,0,0
Static Function,"image_transform_png_set_gray_to_rgb_mod",17,0,17,4,2,0,0,0,2,0,5,3,1,1,1,2,2,2,1,1,0,1,0
Static Function,"image_transform_png_set_gray_to_rgb_set",7,0,7,3,0,0,0,0,1,0,2,1,1,0,0,1,1,1,1,0,0,0,0
Static Function,"image_transform_png_set_palette_to_rgb_add",9,0,9,3,0,0,0,1,1,0,3,1,1,0,0,1,1,1,1,0,0,0,0
Static Function,"image_transform_png_set_palette_to_rgb_mod",9,0,9,4,0,0,0,0,1,0,2,1,1,0,0,1,1,1,1,0,0,0,0
Static Function,"image_transform_png_set_palette_to_rgb_set",7,0,7,3,0,0,0,0,1,0,2,1,1,0,0,1,1,1,1,0,0,0,0
Static Function,"image_transform_png_set_rgb_to_gray_add",9,0,9,3,0,0,0,1,1,0,3,1,1,0,0,1,1,1,1,0,0,0,0
Static Function,"image_transform_png_set_rgb_to_gray_ini",90,0,76,7,6,5,9,0,36,2,38,12,5,1,6,7,7,7,1,5,0,2,0
Static Function,"image_transform_png_set_rgb_to_gray_mod",182,0,97,20,22,114,3,2,131,2,119,44,21,2,21,11,11,11,1,5,0,3,0
Static Function,"image_transform_png_set_rgb_to_gray_set",91,0,9,3,0,98,18,0,1,0,40,1,1,0,0,1,1,1,1,0,0,0,0
Static Function,"image_transform_png_set_scale_16_add",9,0,9,3,0,0,0,1,1,0,3,1,1,0,0,1,1,1,1,0,0,0,0
Static Function,"image_transform_png_set_scale_16_mod",15,0,15,3,1,0,0,0,2,0,6,1,0,0,1,2,2,2,1,0,0,1,0
Static Function,"image_transform_png_set_scale_16_set",7,0,7,3,0,0,0,0,1,0,2,1,1,0,0,1,1,1,1,0,0,0,0
Static Function,"image_transform_png_set_strip_16_add",9,0,9,3,0,0,0,1,1,0,3,1,1,0,0,1,1,1,1,0,0,0,0
Static Function,"image_transform_png_set_strip_16_mod",27,0,15,3,1,15,5,0,2,0,11,1,0,0,1,2,2,2,1,0,0,1,0
Static Function,"image_transform_png_set_strip_16_set",7,0,7,3,0,0,0,0,1,0,2,1,1,0,0,1,1,1,1,0,0,0,0
Static Function,"image_transform_png_set_strip_alpha_add",9,0,9,3,0,0,0,1,1,0,3,1,1,0,0,1,1,1,1,0,0,0,0
Static Function,"image_transform_png_set_strip_alpha_mod",13,0,13,3,0,0,0,0,1,0,5,0,0,0,0,1,1,1,1,0,0,0,0
Static Function,"image_transform_png_set_strip_alpha_set",7,0,7,3,0,0,0,0,1,0,2,1,1,0,0,1,1,1,1,0,0,0,0
Static Function,"image_transform_png_set_tRNS_to_alpha_add",9,0,9,3,0,0,0,1,1,0,3,1,1,0,0,1,1,1,1,0,0,0,0
Static Function,"image_transform_png_set_tRNS_to_alpha_mod",18,0,18,5,2,0,0,0,2,0,5,4,2,1,1,2,2,2,1,1,0,1,0
Static Function,"image_transform_png_set_tRNS_to_alpha_set",7,0,7,3,0,0,0,0,1,0,2,1,1,0,0,1,1,1,1,0,0,0,0
Static Function,"image_transform_reset_count",14,0,14,2,2,0,0,1,2,0,7,3,1,0,2,2,2,2,1,1,0,1,0
Static Function,"image_transform_set_end",9,0,9,3,0,0,0,0,1,0,0,1,1,0,0,1,1,1,1,0,0,0,0
Static Function,"image_transform_test_counter",13,0,13,1,0,0,0,1,1,0,5,0,0,0,0,1,1,1,1,0,0,0,0
Static Function,"init_display",11,0,11,1,0,0,0,0,1,0,7,0,0,0,0,1,1,1,1,0,0,0,0
Static Function,"init_gamma_errors",8,0,8,1,0,0,0,0,1,0,4,0,0,0,0,1,1,1,1,0,0,0,0
Static Function,"init_sRGB_to_d",13,0,13,3,0,0,0,0,1,0,11,2,2,0,0,1,1,1,1,0,0,0,0
Static Function,"init_standard_palette",33,2,29,6,5,2,2,0,8,1,21,10,5,0,9,5,5,5,1,0,0,3,0
Static Function,"init_validate_info",68,0,65,9,3,3,2,0,6,1,42,13,9,1,3,4,4,4,1,2,0,2,0
Static Function,"insert_hIST",20,1,20,6,4,0,0,1,3,0,11,9,5,1,5,3,3,3,3,3,2,2,1
Static Function,"insert_iCCP",74,1,74,7,5,0,0,2,12,1,28,12,5,0,7,5,5,5,1,1,0,2,0
Static Function,"insert_iTXt",12,1,12,5,1,0,0,1,1,0,7,4,3,0,1,1,1,1,1,0,0,0,0
Static Function,"insert_tEXt",9,1,9,5,1,0,0,1,1,0,4,4,3,0,1,1,1,1,1,0,0,0,0
Static Function,"insert_zTXt",10,1,10,5,1,0,0,1,1,0,5,4,3,0,1,1,1,1,1,0,0,0,0
Static Function,"interlace_row",13,0,13,5,0,0,0,0,1,0,7,3,3,0,0,1,1,1,1,0,0,0,0
Static Function,"internal_error",9,0,9,3,0,0,0,0,1,0,3,3,3,0,0,1,1,1,1,0,0,0,0
Function,"invsRGB",11,1,11,2,3,0,0,4,2,0,4,4,2,0,3,2,2,2,1,1,0,1,0
Function,"invsRGB",11,1,11,2,3,0,0,4,2,0,4,4,2,0,3,2,2,2,1,1,0,1,0
Static Function,"isRGB",5,1,5,2,1,0,0,2,1,0,1,2,1,0,1,1,1,1,1,0,0,0,0
Static Function,"is_bad_combo",13,0,13,4,4,0,0,2,3,0,6,7,3,0,6,3,3,3,3,3,3,2,3
Static Function,"is_combo",5,1,5,1,1,0,0,1,1,0,1,1,0,0,1,1,1,1,1,0,0,0,0
Static Function,"is_number",9,1,9,1,2,0,0,1,2,0,3,2,0,0,2,2,2,2,1,0,0,1,0
File,"linux-auxv.c_png_have_neon.c",21,,21,5,4,0,0,,,,8,10,6,0,4,,,,,,,1,
File,"linux-auxv.c_safe_read.c",38,,38,7,17,0,0,,,,16,24,8,1,15,,,,,,,3,
File,"linux.c_png_have_neon.c",90,,86,12,54,2,2,,,,40,67,12,3,53,,,,,,,5,
Static Function,"load_fake",35,0,35,6,11,0,0,2,9,1,15,16,5,1,10,6,6,6,3,4,3,4,3
Static Function,"load_file",80,0,80,13,21,0,0,3,32,2,38,34,12,9,17,12,12,12,12,18,18,8,18
Static Function,"logclose",7,0,7,4,0,0,0,1,1,0,3,3,3,0,0,1,1,1,1,0,0,0,0
Static Function,"logerror",16,0,16,4,2,0,0,1,2,0,6,5,3,0,2,2,2,2,1,0,0,1,0
Static Function,"logpixel",57,1,57,12,21,0,0,2,8,1,28,21,13,0,8,4,4,4,1,2,0,1,0
Function,"main",6,0,6,2,0,0,0,1,1,0,2,1,1,0,0,1,1,1,1,0,0,0,0
Function,"main",14,0,14,1,1,0,0,1,1,0,4,3,1,0,2,1,1,1,1,0,0,0,0
Function,"main",8,0,8,3,0,0,0,1,1,0,5,2,2,0,0,1,1,1,1,0,0,0,0
Function,"main",6,0,6,2,1,0,0,1,1,0,2,2,1,0,1,1,1,1,1,0,0,0,0
Function,"main",14,2,14,4,6,0,0,3,4,1,7,9,3,1,7,4,4,4,1,1,0,2,0
Function,"main",5,0,5,2,1,0,0,1,1,0,2,2,1,0,1,1,1,1,1,0,0,0,0
Function,"main",111,2,111,21,72,0,0,9,97200,5,68,89,22,0,83,30,27,31,5,11,4,4,4
Function,"main",172,2,172,16,63,0,0,8,46186,5,71,73,16,2,57,29,29,42,25,50,50,3,48
Function,"main",79,0,79,9,22,0,0,2,228,2,69,40,8,6,36,15,15,15,12,18,18,5,18
Function,"main",39,2,39,7,20,0,0,7,24,1,18,26,7,0,19,9,9,11,9,13,13,2,13
Function,"main",530,1,469,36,137,42,33,10,999999999,11,267,195,46,7,146,83,81,88,16,45,21,5,19
Function,"main",231,2,114,12,24,81,36,3,80,2,92,30,11,0,23,13,13,14,1,7,0,4,0
Function,"main",66,1,66,14,14,0,0,1,11,1,26,25,13,1,13,7,7,7,5,5,4,4,3
Function,"main",32,2,32,8,12,0,0,3,5,1,16,19,7,0,14,5,5,5,1,1,0,3,0
Function,"main",45,1,45,8,9,0,0,1,6,1,16,18,7,4,7,6,6,6,1,5,0,5,0
Function,"main",292,2,292,36,143,0,0,9,44125208,8,157,160,45,12,139,53,53,58,31,69,69,4,67
Function,"main",108,2,108,27,19,0,0,2,15,1,53,58,34,7,21,11,11,11,10,10,10,9,9
Function,"main",14,0,14,1,1,0,0,1,1,0,4,3,1,0,2,1,1,1,1,0,0,0,0
Function,"main",6,0,6,1,1,0,0,1,1,0,2,1,0,0,1,1,1,1,1,0,0,0,0
Function,"main",327,1,216,21,65,126,18,4,3496,4,149,89,25,8,58,32,31,33,5,27,4,4,4
Static Function,"make_error",67,0,63,4,0,0,4,0,1,0,35,2,2,0,0,1,1,1,1,0,0,0,0
Static Function,"make_errors",25,0,25,9,1,0,0,1,1,0,13,9,8,0,1,1,1,1,1,0,0,0,0
Static Function,"make_four_random_bytes",5,0,5,2,0,0,0,0,1,0,1,1,1,0,0,1,1,1,1,0,0,0,0
Static Function,"make_insert",22,0,22,4,2,0,0,2,2,0,12,5,3,0,2,2,2,2,1,1,0,1,0
Static Function,"make_random_bytes",18,1,18,2,1,0,0,0,2,0,13,2,1,0,3,2,2,2,1,0,0,1,0
Static Function,"make_random_bytes",18,1,18,2,1,0,0,0,2,0,13,2,1,0,3,2,2,2,1,0,0,1,0
Static Function,"make_random_bytes",18,1,18,2,1,0,0,0,2,0,13,2,1,0,3,2,2,2,1,0,0,1,0
Static Function,"make_size",26,0,20,3,0,4,2,0,1,0,12,2,2,0,0,1,1,1,1,0,0,0,0
Static Function,"make_size_image",111,0,70,6,0,50,8,0,1,0,67,2,2,0,0,1,1,1,1,0,0,0,0
Static Function,"make_size_images",10,0,10,3,0,0,0,0,1,0,6,2,2,0,0,1,1,1,1,0,0,0,0
Static Function,"make_standard_palette",59,1,59,5,8,0,0,1,20,1,41,12,5,1,9,6,6,6,1,0,0,2,0
Static Function,"make_transform_image",88,0,51,5,0,40,9,0,1,0,50,2,2,0,0,1,1,1,1,0,0,0,0
Static Function,"make_transform_images",21,0,21,8,1,0,0,0,1,0,10,7,7,0,0,1,1,1,1,0,0,0,0
File,"makepng.c_bad_parameter_count.c",6,,6,3,1,0,0,,,,2,4,3,0,1,,,,,,,0,
File,"makepng.c_channels_of_type.c",16,,16,2,8,0,0,,,,5,9,2,0,7,,,,,,,2,
File,"makepng.c_check_param_count.c",9,,9,3,2,0,0,,,,2,5,3,0,2,,,,,,,1,
File,"makepng.c_clear_text.c",11,,11,1,0,0,0,,,,7,1,1,0,0,,,,,,,0,
File,"makepng.c_find_insert.c",55,,50,8,6,2,3,,,,26,15,9,1,7,,,,,,,2,
File,"makepng.c_find_parameters.c",22,,22,5,3,0,0,,,,10,7,4,0,3,,,,,,,1,
File,"makepng.c_generate_palette.c",55,,53,7,19,0,2,,,,22,31,8,5,22,,,,,,,4,
File,"makepng.c_generate_row.c",156,,156,18,27,0,0,,,,77,44,16,2,26,,,,,,,2,
File,"makepng.c_image_size_of_type.c",16,,16,2,10,0,0,,,,5,10,3,0,8,,,,,,,2,
File,"makepng.c_insert_hIST.c",20,,20,8,4,0,0,,,,11,13,9,1,5,,,,,,,2,
File,"makepng.c_insert_iCCP.c",74,,74,9,5,0,0,,,,28,15,8,0,7,,,,,,,2,
File,"makepng.c_insert_iTXt.c",12,,12,5,1,0,0,,,,7,5,4,0,1,,,,,,,0,
File,"makepng.c_insert_tEXt.c",9,,9,5,1,0,0,,,,4,5,4,0,1,,,,,,,0,
File,"makepng.c_insert_zTXt.c",10,,10,5,1,0,0,,,,5,5,4,0,1,,,,,,,0,
File,"makepng.c_load_fake.c",35,,35,10,11,0,0,,,,15,23,12,1,10,,,,,,,4,
File,"makepng.c_load_file.c",80,,80,15,21,0,0,,,,38,37,15,9,17,,,,,,,8,
File,"makepng.c_main.c",172,,172,22,63,0,0,,,,71,80,23,2,57,,,,,,,3,
File,"makepng.c_make_insert.c",22,,22,5,2,0,0,,,,12,8,6,0,2,,,,,,,1,
File,"makepng.c_makepng_error.c",6,,6,1,0,0,0,,,,2,1,1,0,0,,,,,,,0,
File,"makepng.c_makepng_warning.c",11,,11,1,0,0,0,,,,5,1,1,0,0,,,,,,,0,
File,"makepng.c_parse_color.c",29,,29,6,14,0,0,,,,13,19,7,0,13,,,,,,,2,
File,"makepng.c_pixel_depth_of_type.c",5,,5,2,1,0,0,,,,1,3,2,0,1,,,,,,,0,
File,"makepng.c_set_color.c",10,,10,3,0,0,0,,,,4,1,1,0,0,,,,,,,0,
File,"makepng.c_set_text.c",33,,33,5,0,0,0,,,,13,4,4,0,0,,,,,,,0,
File,"makepng.c_set_value.c",49,,49,7,18,0,0,,,,21,26,7,3,16,,,,,,,3,
File,"makepng.c_write_png.c",121,,121,33,13,0,0,,,,72,50,34,1,22,,,,,,,2,
File,"makesRGB.c_finvsRGB.c",5,,5,2,1,0,0,,,,1,3,2,0,1,,,,,,,0,
File,"makesRGB.c_fsRGB.c",5,,5,2,0,0,0,,,,1,2,2,0,0,,,,,,,0,
File,"makesRGB.c_invsRGB.c",16,,16,6,4,0,0,,,,5,10,7,0,4,,,,,,,1,
File,"makesRGB.c_main.c",292,,292,41,143,0,0,,,,157,166,51,12,139,,,,,,,4,
File,"makesRGB.c_sRGB.c",21,,21,8,5,0,0,,,,6,13,9,0,5,,,,,,,1,
Static Function,"modification_init",10,0,10,2,0,0,0,0,1,0,6,1,1,0,0,1,1,1,1,0,0,0,0
Static Function,"modification_reset",11,0,11,1,1,0,0,0,2,0,4,1,0,0,1,2,2,2,1,0,0,1,0
Static Function,"modifier_color_encoding_is_sRGB",6,0,6,1,0,0,0,1,1,0,1,0,0,0,0,1,1,1,1,0,0,0,0
Static Function,"modifier_color_encoding_is_set",5,0,5,1,0,0,0,1,1,0,1,0,0,0,0,1,1,1,1,0,0,0,0
Static Function,"modifier_crc",7,0,7,2,0,0,0,0,1,0,3,1,1,0,0,1,1,1,1,0,0,0,0
Static Function,"modifier_current_encoding",9,0,9,1,0,0,0,0,1,0,3,0,0,0,0,1,1,1,1,0,0,0,0
Static Function,"modifier_encoding_iterate",24,0,24,3,3,0,0,0,3,0,5,5,2,1,2,3,3,3,1,2,0,2,0
Static Function,"modifier_init",47,0,47,2,0,0,0,0,1,0,43,1,1,0,0,1,1,1,1,0,0,0,0
Static Function,"modifier_progressive_read",30,0,30,6,3,0,0,0,4,1,15,9,5,3,3,4,4,4,4,3,3,3,3
Static Function,"modifier_read_imp",139,0,139,7,0,0,0,0,1,0,67,7,7,0,0,1,1,1,1,0,0,0,0
Static Function,"modifier_reset",16,0,16,3,0,0,0,0,1,0,12,2,2,0,0,1,1,1,1,0,0,0,0
Static Function,"modifier_set_encoding",24,0,24,2,3,0,0,0,4,1,9,6,1,2,3,4,4,4,1,2,0,3,0
Static Function,"modifier_setbuffer",7,0,7,3,0,0,0,0,1,0,3,2,2,0,0,1,1,1,1,0,0,0,0
Static Function,"modifier_total_encodings",9,0,9,1,0,0,0,1,1,0,1,0,0,0,0,1,1,1,1,0,0,0,0
Static Function,"mytime",8,0,8,4,3,0,0,2,2,0,4,8,4,0,4,2,2,2,1,1,0,1,0
Static Function,"newimage",5,0,5,1,0,0,0,0,1,0,1,0,0,0,0,1,1,1,1,0,0,0,0
Static Function,"next_format",49,0,46,3,6,1,2,2,6,1,22,10,1,0,9,5,5,5,5,4,4,2,4
Static Function,"normalize_color_encoding",18,0,18,1,1,0,0,0,2,0,10,1,0,0,1,2,2,2,1,0,0,1,0
Static Function,"npasses_from_interlace_type",13,1,13,2,3,0,0,1,1,0,3,5,1,1,3,1,1,1,1,0,0,1,0
Static Function,"one_file",14,0,14,7,1,0,0,1,1,0,7,9,8,0,1,1,1,1,1,0,0,0,0
Static Function,"parse_color",29,1,29,5,14,0,0,3,8,1,13,16,4,0,13,6,6,7,5,7,7,2,7
Static Function,"pcerr",8,0,8,1,0,0,0,1,1,0,2,0,0,0,0,1,1,1,1,0,0,0,0
Static Function,"perform_error_test",19,0,5,2,0,12,3,0,1,0,6,1,1,0,0,1,1,1,1,0,0,0,0
Static Function,"perform_formatting_test",54,0,5,2,0,50,8,0,1,0,28,1,1,0,0,1,1,1,1,0,0,0,0
Static Function,"perform_gamma_composition_tests",21,0,21,7,1,0,0,0,1,0,10,6,6,0,0,1,1,1,1,0,0,0,0
Static Function,"perform_gamma_sbit_tests",28,0,28,7,0,0,0,0,1,0,13,6,6,0,0,1,1,1,1,0,0,0,0
Static Function,"perform_gamma_test",110,1,50,9,16,59,8,1,23,1,52,29,8,0,21,8,8,8,7,6,6,2,6
Static Function,"perform_gamma_threshold_tests",22,0,22,6,1,0,0,0,1,0,8,5,5,0,0,1,1,1,1,0,0,0,0
Static Function,"perform_gamma_transform_tests",19,0,19,6,1,0,0,0,1,0,10,6,6,0,0,1,1,1,1,0,0,0,0
Static Function,"perform_interlace_macro_validation",97,0,97,23,14,0,0,1,15,1,50,47,22,3,26,15,15,15,15,35,35,4,35
Static Function,"perform_one_test",30,0,30,8,1,0,0,1,1,0,19,7,6,0,1,1,1,1,1,0,0,0,0
Static Function,"perform_one_test",54,1,54,12,18,0,0,3,15,1,24,33,13,0,22,9,9,9,9,18,17,4,16
Static Function,"perform_one_test_safe",16,0,10,3,1,2,4,0,2,0,4,2,1,0,1,2,2,2,1,0,0,1,0
Static Function,"perform_size_test",16,0,12,2,5,2,2,0,5,1,5,9,1,0,8,5,5,5,5,4,4,1,4
Static Function,"perform_standard_test",14,0,14,2,6,0,0,0,6,1,5,11,1,0,10,6,6,6,6,5,5,1,5
Static Function,"perform_transform_test",32,0,32,10,2,0,0,0,1,0,17,10,10,0,0,1,1,1,1,0,0,0,0
Static Function,"pixel_cmp",25,0,20,1,4,5,3,1,5,1,12,7,0,0,7,5,5,5,5,6,6,2,6
Static Function,"pixel_copy",19,1,19,5,2,0,0,0,2,0,10,5,3,1,1,2,2,2,1,1,0,1,0
Static Function,"pixel_depth_of_type",5,2,5,2,1,0,0,2,1,0,1,2,1,0,1,1,1,1,1,0,0,0,0
File,"png-fix-itxt.c_main.c",79,,79,9,22,0,0,,,,69,41,9,6,36,,,,,,,5,
File,"png2pnm.c_main.c",93,,83,0,0,9,2,,,,45,0,0,0,0,,,,,,,0,
File,"png2pnm.c_png2pnm.c",183,,171,0,0,11,4,,,,95,0,0,0,0,,,,,,,0,
File,"png2pnm.c_usage.c",20,,16,0,0,1,3,,,,11,0,0,0,0,,,,,,,0,
Static Function,"png_cexcept_error",11,0,8,1,1,1,2,0,2,0,3,2,0,1,1,2,2,2,1,0,0,1,0
Static Function,"png_col_from_pass_col",16,1,16,1,10,0,0,1,8,1,9,18,0,7,11,8,2,8,8,0,0,1,0
Static Function,"png_col_in_interlace_pass",10,0,10,2,5,0,0,1,3,0,7,6,1,0,7,3,3,3,3,3,3,2,3
Static Function,"png_exp",4,0,4,0,0,0,0,1,1,0,1,0,0,0,0,1,1,1,1,0,0,0,0
Static Function,"png_exp16bit",4,0,4,0,0,0,0,1,1,0,1,0,0,0,0,1,1,1,1,0,0,0,0
Static Function,"png_exp8bit",4,0,4,0,0,0,0,1,1,0,1,0,0,0,0,1,1,1,1,0,0,0,0
Function,"png_far_to_near",11,0,11,6,1,0,0,1,1,0,6,6,5,0,1,1,1,1,1,0,0,0,0
Function,"png_far_to_near",11,0,11,3,1,0,0,1,1,0,6,3,2,0,1,1,1,1,1,0,0,0,0
Function,"png_fixed_warning",4,0,4,2,0,0,0,0,1,0,1,1,1,0,0,1,1,1,1,0,0,0,0
Static Function,"png_flush",8,0,8,2,0,0,0,0,1,0,3,1,1,0,0,1,1,1,1,0,0,0,0
Function,"png_flush",6,0,6,1,0,0,0,0,1,0,1,0,0,0,0,1,1,1,1,0,0,0,0
Static Function,"png_have_neon",7,0,7,2,0,0,0,1,1,0,1,1,1,0,0,1,1,1,1,0,0,0,0
Static Function,"png_have_neon",21,0,21,5,4,0,0,2,2,0,8,9,5,0,4,2,2,2,1,1,0,1,0
Static Function,"png_have_neon",90,0,86,12,54,2,2,1,52,2,40,66,11,3,53,24,17,32,20,78,78,5,77
Static Function,"png_log16bit",6,0,6,0,1,0,0,1,1,0,2,1,0,0,1,1,1,1,1,0,0,0,0
Static Function,"png_log8bit",6,0,6,0,1,0,0,1,1,0,2,1,0,0,1,1,1,1,1,0,0,0,0
Static Function,"png_pass_col_shift",29,0,29,2,21,0,0,1,49,2,17,31,4,0,31,14,11,14,14,25,25,4,25
Static Function,"png_pass_cols",16,0,16,2,4,0,0,1,4,1,13,7,2,0,9,4,4,4,4,2,2,3,2
Static Function,"png_pass_row_shift",28,0,28,2,20,0,0,1,41,2,16,29,4,0,29,13,11,13,13,21,21,4,21
Static Function,"png_pass_rows",16,0,16,2,4,0,0,1,4,1,13,7,2,0,9,4,4,4,4,2,2,3,2
Static Function,"png_pass_start_col",9,0,9,2,5,0,0,1,4,1,8,8,2,0,10,4,4,4,4,5,5,3,5
Static Function,"png_pass_start_row",9,0,9,2,5,0,0,1,4,1,8,8,2,0,10,4,4,4,4,5,5,3,5
Function,"png_read_data",9,0,9,3,0,0,0,0,1,0,3,2,2,0,0,1,1,1,1,0,0,0,0
Static Function,"png_read_data",11,0,11,2,1,0,0,0,2,0,3,2,1,0,1,2,2,2,1,0,0,1,0
Static Function,"png_row_from_pass_row",16,1,16,1,10,0,0,1,8,1,9,18,0,7,11,8,2,8,8,0,0,1,0
Static Function,"png_row_in_interlace_pass",10,0,10,2,5,0,0,1,3,0,7,6,1,0,7,3,3,3,3,3,3,2,3
Function,"png_warning",4,0,4,2,0,0,0,0,1,0,1,1,1,0,0,1,1,1,1,0,0,0,0
Static Function,"png_write_data",10,0,10,3,1,0,0,0,2,0,3,3,2,0,1,2,2,2,1,0,0,1,0
Function,"png_write_data",8,0,8,2,0,0,0,0,1,0,2,1,1,0,0,1,1,1,1,0,0,0,0
File,"pngfix.c_IDAT_end.c",11,,11,6,1,0,0,,,,7,8,8,0,0,,,,,,,0,
File,"pngfix.c_IDAT_list_end.c",13,,13,6,0,0,0,,,,6,8,8,0,0,,,,,,,0,
File,"pngfix.c_IDAT_list_extend.c",19,,19,6,2,0,0,,,,10,10,8,0,2,,,,,,,1,
File,"pngfix.c_IDAT_list_init.c",7,,7,2,0,0,0,,,,3,3,3,0,0,,,,,,,0,
File,"pngfix.c_allocate.c",15,,15,5,2,0,0,,,,5,9,8,0,1,,,,,,,1,
File,"pngfix.c_chunk_end.c",7,,7,3,1,0,0,,,,3,4,4,0,0,,,,,,,0,
File,"pngfix.c_chunk_message.c",5,,5,2,0,0,0,,,,1,3,3,0,0,,,,,,,0,
File,"pngfix.c_clear.c",6,,6,2,0,0,0,,,,2,3,3,0,0,,,,,,,0,
File,"pngfix.c_control_end.c",5,,5,2,0,0,0,,,,1,3,3,0,0,,,,,,,0,
File,"pngfix.c_crc_init_4.c",8,,8,1,0,0,0,,,,4,1,1,0,0,,,,,,,0,
File,"pngfix.c_crc_one_byte.c",5,,5,1,0,0,0,,,,1,1,1,0,0,,,,,,,0,
File,"pngfix.c_current_type.c",14,,14,2,2,0,0,,,,4,4,2,1,1,,,,,,,1,
File,"pngfix.c_error_handler.c",5,,5,1,0,0,0,,,,1,1,1,0,0,,,,,,,0,
File,"pngfix.c_file_end.c",24,,24,9,2,0,0,,,,11,14,11,0,3,,,,,,,2,
File,"pngfix.c_file_getpos.c",9,,9,4,1,0,0,,,,2,6,5,0,1,,,,,,,1,
File,"pngfix.c_file_setpos.c",9,,9,4,1,0,0,,,,2,6,5,0,1,,,,,,,1,
File,"pngfix.c_get_control.c",7,,7,4,0,0,0,,,,2,6,6,0,0,,,,,,,0,
File,"pngfix.c_global_end.c",9,,9,4,1,0,0,,,,5,6,5,0,1,,,,,,,0,
File,"pngfix.c_global_init.c",14,,14,3,0,0,0,,,,10,4,4,0,0,,,,,,,0,
File,"pngfix.c_main.c",20,,20,4,3,0,0,,,,6,7,4,0,3,,,,,,,0,
File,"pngfix.c_make_random_bytes.c",18,,18,2,1,0,0,,,,13,3,2,0,3,,,,,,,1,
File,"pngfix.c_one_file.c",14,,14,7,1,0,0,,,,7,10,9,0,1,,,,,,,0,
File,"pngfix.c_process_iTXt.c",43,,43,8,2,0,0,,,,22,12,10,0,2,,,,,,,0,
File,"pngfix.c_read_byte.c",34,,27,5,5,5,2,,,,13,10,7,0,3,,,,,,,1,
File,"pngfix.c_stop_invalid.c",5,,5,3,0,0,0,,,,1,3,3,0,0,,,,,,,0,
File,"pngfix.c_strcode.c",15,,15,1,9,0,0,,,,8,11,1,0,10,,,,,,,1,
File,"pngfix.c_type_char.c",8,,8,1,0,0,0,,,,2,1,1,0,0,,,,,,,0,
File,"pngfix.c_type_name.c",8,,8,2,0,0,0,,,,4,3,3,0,0,,,,,,,0,
File,"pngfix.c_type_sep.c",6,,6,2,0,0,0,,,,2,2,2,0,0,,,,,,,0,
File,"pngfix.c_uarb_mult32.c",13,,13,3,2,0,0,,,,4,5,3,0,2,,,,,,,1,
File,"pngfix.c_uarb_printx.c",13,,13,3,3,0,0,,,,3,6,3,1,2,,,,,,,2,
File,"pngfix.c_usage.c",177,,170,7,1,5,4,,,,8,8,7,0,1,,,,,,,0,
File,"pngfix.c_warning_handler.c",7,,7,1,0,0,0,,,,2,1,1,0,0,,,,,,,0,
File,"pngfix.c_zlib_end.c",48,,48,12,10,0,0,,,,24,26,14,0,12,,,,,,,3,
File,"pngfix.c_zlib_flevel.c",13,,13,2,1,0,0,,,,6,4,3,0,1,,,,,,,0,
File,"pngimage.c_buffer_destroy.c",7,,7,4,2,0,0,,,,3,8,6,0,2,,,,,,,0,
File,"pngimage.c_buffer_destroy_list.c",10,,10,3,3,0,0,,,,3,7,4,0,3,,,,,,,1,
File,"pngimage.c_buffer_extend.c",12,,12,5,1,0,0,,,,7,6,5,0,1,,,,,,,0,
File,"pngimage.c_buffer_from_file.c",38,,38,7,10,0,0,,,,15,20,10,4,8,,,,,,,4,
File,"pngimage.c_buffer_read.c",37,,37,7,0,0,0,,,,17,9,9,0,0,,,,,,,0,
File,"pngimage.c_buffer_start_read.c",6,,6,1,0,0,0,,,,2,2,2,0,0,,,,,,,0,
File,"pngimage.c_buffer_start_write.c",7,,7,1,0,0,0,,,,3,2,2,0,0,,,,,,,0,
File,"pngimage.c_compare_read.c",191,,188,22,39,0,3,,,,107,70,26,7,40,,,,,,,3,
File,"pngimage.c_display_clean.c",13,,10,3,1,1,2,,,,7,5,4,0,1,,,,,,,0,
File,"pngimage.c_display_clean_read.c",6,,6,2,0,0,0,,,,1,3,3,0,0,,,,,,,0,
File,"pngimage.c_display_clean_write.c",6,,6,2,0,0,0,,,,1,3,3,0,0,,,,,,,0,
File,"pngimage.c_display_destroy.c",8,,5,2,0,1,2,,,,2,3,3,0,0,,,,,,,0,
File,"pngimage.c_display_error.c",6,,6,1,0,0,0,,,,2,1,1,0,0,,,,,,,0,
File,"pngimage.c_display_warning.c",5,,5,1,0,0,0,,,,1,1,1,0,0,,,,,,,0,
File,"pngimage.c_first_transform.c",5,,5,1,1,0,0,,,,1,2,1,0,1,,,,,,,0,
File,"pngimage.c_is_bad_combo.c",13,,13,4,4,0,0,,,,6,8,4,0,6,,,,,,,2,
File,"pngimage.c_is_combo.c",5,,5,1,1,0,0,,,,1,2,1,0,1,,,,,,,0,
File,"pngimage.c_main.c",6,,6,2,1,0,0,,,,2,3,2,0,1,,,,,,,0,
File,"pngimage.c_read_function.c",5,,5,1,0,0,0,,,,1,1,1,0,0,,,,,,,0,
File,"pngimage.c_read_png.c",38,,23,9,3,12,4,,,,22,13,10,0,3,,,,,,,1,
File,"pngimage.c_test_one_file.c",88,,63,15,27,38,4,,,,36,36,18,3,18,,,,,,,4,
File,"pngimage.c_write_function.c",5,,5,1,0,0,0,,,,1,1,1,0,0,,,,,,,0,
File,"pngimage.c_write_png.c",30,,27,9,3,2,2,,,,13,13,10,0,3,,,,,,,1,
File,"pngpixel.c_component.c",21,,21,4,8,0,0,,,,12,17,3,6,8,,,,,,,1,
File,"pngpixel.c_main.c",109,,109,27,20,0,0,,,,53,59,35,7,21,,,,,,,9,
File,"pngpixel.c_print_pixel.c",55,,55,10,0,0,0,,,,19,10,10,0,0,,,,,,,0,
File,"pngrio.c_png_default_read_data.c",10,,10,1,0,0,0,,,,4,1,1,0,0,,,,,,,0,
File,"pngrio.c_png_read_data.c",9,,9,3,0,0,0,,,,3,3,3,0,0,,,,,,,0,
File,"pngrio.c_png_set_read_fn.c",22,,21,1,0,0,1,,,,8,1,1,0,0,,,,,,,0,
File,"pngstest.c_YfromRGBint.c",8,,8,5,4,0,0,,,,4,6,5,0,1,,,,,,,0,
File,"pngstest.c_allocbuffer.c",22,,22,7,2,0,0,,,,10,11,8,0,3,,,,,,,2,
File,"pngstest.c_check16.c",9,,9,2,6,0,0,,,,4,6,2,0,4,,,,,,,2,
File,"pngstest.c_checkbuffer.c",16,,16,5,3,0,0,,,,6,9,5,0,4,,,,,,,1,
File,"pngstest.c_checkopaque.c",13,,13,3,4,0,0,,,,4,7,3,1,3,,,,,,,1,
File,"pngstest.c_closestinteger.c",5,,5,2,1,0,0,,,,1,3,2,0,1,,,,,,,0,
File,"pngstest.c_cmppixel.c",71,,71,9,20,0,0,,,,33,38,9,1,28,,,,,,,2,
File,"pngstest.c_compare_two_images.c",217,,217,25,23,0,0,,,,116,46,26,2,18,,,,,,,3,
File,"pngstest.c_component_loc.c",45,,27,1,3,14,4,,,,17,4,1,1,2,,,,,,,1,
File,"pngstest.c_format_default.c",32,,22,3,2,5,6,,,,10,4,3,0,1,,,,,,,1,
File,"pngstest.c_format_init.c",7,,7,3,0,0,0,,,,5,3,3,0,0,,,,,,,0,
File,"pngstest.c_format_is_initial.c",9,,8,2,1,0,1,,,,5,3,2,0,1,,,,,,,0,
File,"pngstest.c_format_isset.c",6,,5,1,0,0,1,,,,1,1,1,0,0,,,,,,,0,
File,"pngstest.c_format_set.c",7,,7,1,1,0,0,,,,2,2,1,0,1,,,,,,,0,
File,"pngstest.c_formatof.c",15,,15,5,1,0,0,,,,8,6,6,0,1,,,,,,,0,
File,"pngstest.c_freebuffer.c",8,,8,2,0,0,0,,,,4,2,2,0,0,,,,,,,0,
File,"pngstest.c_freeimage.c",22,,22,6,1,0,0,,,,9,9,6,0,3,,,,,,,1,
File,"pngstest.c_get_pixel.c",104,,50,1,8,42,16,,,,18,12,1,4,7,,,,,,,3,
File,"pngstest.c_gp_abgr16.c",9,,9,1,0,0,0,,,,5,1,1,0,0,,,,,,,0,
File,"pngstest.c_gp_abgr8.c",9,,9,1,0,0,0,,,,5,1,1,0,0,,,,,,,0,
File,"pngstest.c_gp_ag16.c",7,,7,1,0,0,0,,,,3,1,1,0,0,,,,,,,0,
File,"pngstest.c_gp_ag8.c",7,,7,1,0,0,0,,,,3,1,1,0,0,,,,,,,0,
File,"pngstest.c_gp_argb16.c",9,,9,1,0,0,0,,,,5,1,1,0,0,,,,,,,0,
File,"pngstest.c_gp_argb8.c",9,,9,1,0,0,0,,,,5,1,1,0,0,,,,,,,0,
File,"pngstest.c_gp_bgr16.c",9,,9,1,0,0,0,,,,5,1,1,0,0,,,,,,,0,
File,"pngstest.c_gp_bgr8.c",9,,9,1,0,0,0,,,,5,1,1,0,0,,,,,,,0,
File,"pngstest.c_gp_bgra16.c",9,,9,1,0,0,0,,,,5,1,1,0,0,,,,,,,0,
File,"pngstest.c_gp_bgra8.c",9,,9,1,0,0,0,,,,5,1,1,0,0,,,,,,,0,
File,"pngstest.c_gp_g16.c",7,,7,1,0,0,0,,,,3,1,1,0,0,,,,,,,0,
File,"pngstest.c_gp_g8.c",7,,7,1,0,0,0,,,,3,1,1,0,0,,,,,,,0,
File,"pngstest.c_gp_ga16.c",7,,7,1,0,0,0,,,,3,1,1,0,0,,,,,,,0,
File,"pngstest.c_gp_ga8.c",7,,7,1,0,0,0,,,,3,1,1,0,0,,,,,,,0,
File,"pngstest.c_gp_rgb16.c",9,,9,1,0,0,0,,,,5,1,1,0,0,,,,,,,0,
File,"pngstest.c_gp_rgb8.c",9,,9,1,0,0,0,,,,5,1,1,0,0,,,,,,,0,
File,"pngstest.c_gp_rgba16.c",9,,9,1,0,0,0,,,,5,1,1,0,0,,,,,,,0,
File,"pngstest.c_gp_rgba8.c",9,,9,1,0,0,0,,,,5,1,1,0,0,,,,,,,0,
File,"pngstest.c_gpc_A.c",9,,9,1,0,0,0,,,,5,1,1,0,0,,,,,,,0,
File,"pngstest.c_gpc_Glin.c",11,,11,4,0,0,0,,,,4,4,4,0,0,,,,,,,0,
File,"pngstest.c_gpc_Gpre.c",11,,11,4,0,0,0,,,,4,4,4,0,0,,,,,,,0,
File,"pngstest.c_gpc_Gprq.c",11,,11,4,0,0,0,,,,4,4,4,0,0,,,,,,,0,
File,"pngstest.c_gpc_Lin.c",25,,25,2,2,0,0,,,,10,3,2,0,1,,,,,,,1,
File,"pngstest.c_gpc_Pre.c",25,,25,2,2,0,0,,,,10,3,2,0,1,,,,,,,1,
File,"pngstest.c_gpc_Preq.c",25,,25,2,2,0,0,,,,10,3,2,0,1,,,,,,,1,
File,"pngstest.c_gpc_b16c.c",20,,20,4,4,0,0,,,,10,6,4,0,2,,,,,,,1,
File,"pngstest.c_gpc_b16g.c",14,,14,4,4,0,0,,,,6,7,4,1,2,,,,,,,1,
File,"pngstest.c_gpc_bckc.c",24,,24,3,3,0,0,,,,11,5,3,0,2,,,,,,,1,
File,"pngstest.c_gpc_bckg.c",14,,14,3,3,0,0,,,,5,7,3,2,2,,,,,,,1,
File,"pngstest.c_gpc_cb16.c",26,,26,5,5,0,0,,,,13,8,5,0,3,,,,,,,1,
File,"pngstest.c_gpc_g16.c",7,,7,2,0,0,0,,,,3,3,3,0,0,,,,,,,0,
File,"pngstest.c_gpc_g16q.c",7,,7,2,0,0,0,,,,3,3,3,0,0,,,,,,,0,
File,"pngstest.c_gpc_g8.c",11,,11,2,0,0,0,,,,4,3,3,0,0,,,,,,,0,
File,"pngstest.c_gpc_g8b.c",21,,21,3,3,0,0,,,,6,7,4,1,2,,,,,,,1,
File,"pngstest.c_gpc_gb16.c",16,,16,5,5,0,0,,,,7,10,5,2,3,,,,,,,1,
File,"pngstest.c_gpc_noop.c",9,,9,1,0,0,0,,,,5,1,1,0,0,,,,,,,0,
File,"pngstest.c_gpc_nop6.c",14,,14,1,2,0,0,,,,6,3,1,1,1,,,,,,,1,
File,"pngstest.c_gpc_nop8.c",14,,14,1,2,0,0,,,,6,3,1,1,1,,,,,,,1,
File,"pngstest.c_gpc_sCp.c",17,,17,3,2,0,0,,,,7,4,3,0,1,,,,,,,1,
File,"pngstest.c_gpc_sG.c",7,,7,2,0,0,0,,,,3,3,3,0,0,,,,,,,0,
File,"pngstest.c_gpc_sGp.c",15,,15,3,2,0,0,,,,5,5,4,0,1,,,,,,,1,
File,"pngstest.c_gpc_sRGB.c",25,,25,2,2,0,0,,,,10,3,2,0,1,,,,,,,1,
File,"pngstest.c_gpc_unpc.c",17,,17,3,2,0,0,,,,7,4,3,0,1,,,,,,,1,
File,"pngstest.c_gpc_unpg.c",15,,15,3,2,0,0,,,,5,4,3,0,1,,,,,,,1,
File,"pngstest.c_ilinear.c",5,,5,2,0,0,0,,,,1,2,2,0,0,,,,,,,0,
File,"pngstest.c_ilinear_g22.c",5,,5,2,0,0,0,,,,1,2,2,0,0,,,,,,,0,
File,"pngstest.c_ilineara.c",5,,5,2,0,0,0,,,,1,2,2,0,0,,,,,,,0,
File,"pngstest.c_ilineara_g22.c",5,,5,2,0,0,0,,,,1,2,2,0,0,,,,,,,0,
File,"pngstest.c_init_sRGB_to_d.c",13,,13,4,0,0,0,,,,11,4,4,0,0,,,,,,,0,
File,"pngstest.c_initimage.c",10,,10,0,0,0,0,,,,5,0,0,0,0,,,,,,,0,
File,"pngstest.c_isRGB.c",5,,5,2,1,0,0,,,,1,3,2,0,1,,,,,,,0,
File,"pngstest.c_logclose.c",7,,7,4,0,0,0,,,,3,5,5,0,0,,,,,,,0,
File,"pngstest.c_logerror.c",16,,16,4,2,0,0,,,,6,6,4,0,2,,,,,,,1,
File,"pngstest.c_logpixel.c",57,,57,13,21,0,0,,,,28,23,15,0,8,,,,,,,1,
File,"pngstest.c_main.c",6,,5,2,1,0,1,,,,2,3,2,0,1,,,,,,,0,
File,"pngstest.c_make_random_bytes.c",18,,18,2,1,0,0,,,,13,3,2,0,3,,,,,,,1,
File,"pngstest.c_newimage.c",5,,5,2,0,0,0,,,,1,2,2,0,0,,,,,,,0,
File,"pngstest.c_print_opts.c",22,,22,2,10,0,0,,,,9,20,2,0,18,,,,,,,1,
File,"pngstest.c_print_pixel.c",25,,25,2,1,0,0,,,,10,2,2,0,0,,,,,,,0,
File,"pngstest.c_random_color.c",6,,6,2,0,0,0,,,,2,3,3,0,0,,,,,,,0,
File,"pngstest.c_read_file.c",70,,57,12,4,10,3,,,,23,18,12,1,5,,,,,,,2,
File,"pngstest.c_read_one_file.c",55,,55,12,8,0,0,,,,16,25,13,5,7,,,,,,,7,
File,"pngstest.c_resetimage.c",6,,6,2,0,0,0,,,,1,2,2,0,0,,,,,,,0,
File,"pngstest.c_sRGB.c",5,,5,2,1,0,0,,,,1,4,3,0,1,,,,,,,0,
File,"pngstest.c_test_one_file.c",30,,28,12,10,0,2,,,,16,20,11,0,9,,,,,,,2,
File,"pngstest.c_testimage.c",75,,54,10,2,37,2,,,,44,12,10,0,2,,,,,,,0,
File,"pngstest.c_transform_from_formats.c",126,,126,6,10,0,0,,,,53,17,5,1,11,,,,,,,4,
File,"pngstest.c_u16d.c",6,,6,2,1,0,0,,,,2,3,2,0,1,,,,,,,0,
File,"pngstest.c_u8d.c",6,,6,2,1,0,0,,,,2,3,2,0,1,,,,,,,0,
File,"pngstest.c_write_one_file.c",65,,65,18,11,0,0,,,,22,32,18,4,10,,,,,,,5,
File,"pngtest.c_count_filters.c",6,,6,1,0,0,0,,,,1,1,1,0,0,,,,,,,0,
File,"pngtest.c_count_zero_samples.c",82,,82,1,0,0,0,,,,31,1,1,0,0,,,,,,,0,
File,"pngtest.c_main.c",231,,114,14,24,81,36,,,,92,33,14,0,23,,,,,,,4,
File,"pngtest.c_png_debug_free.c",41,,38,1,0,1,2,,,,20,1,1,0,0,,,,,,,0,
File,"pngtest.c_png_debug_malloc.c",35,,35,2,0,0,0,,,,19,1,1,0,0,,,,,,,0,
File,"pngtest.c_pngtest_check_io_state.c",30,,30,4,1,0,0,,,,12,3,3,0,0,,,,,,,0,
File,"pngtest.c_pngtest_error.c",5,,5,1,0,0,0,,,,1,1,1,0,0,,,,,,,0,
File,"pngtest.c_pngtest_flush.c",5,,5,1,0,0,0,,,,0,1,1,0,0,,,,,,,0,
File,"pngtest.c_pngtest_read_data.c",56,,50,1,0,2,4,,,,26,1,1,0,0,,,,,,,0,
File,"pngtest.c_pngtest_warning.c",11,,11,1,0,0,0,,,,5,1,1,0,0,,,,,,,0,
File,"pngtest.c_pngtest_write_data.c",53,,47,1,0,2,4,,,,24,1,1,0,0,,,,,,,0,
File,"pngtest.c_read_row_callback.c",19,,19,1,0,0,0,,,,8,1,1,0,0,,,,,,,0,
File,"pngtest.c_read_user_chunk_callback.c",28,,28,0,0,0,0,,,,13,0,0,0,0,,,,,,,0,
File,"pngtest.c_test_one_file.c",645,,153,31,26,409,161,,,,259,70,36,3,35,,,,,,,3,
File,"pngtest.c_write_row_callback.c",7,,7,1,0,0,0,,,,2,1,1,0,0,,,,,,,0,
Function,"pngtest_check_io_state",30,0,30,4,1,0,0,0,1,0,12,2,2,0,0,1,1,1,1,0,0,0,0
File,"pngtopng.c_main.c",46,,45,10,10,0,1,,,,16,22,11,4,7,,,,,,,5,
File,"pngunknown.c_PNG_FUNCTION.c",7,,7,4,0,0,0,,,,3,3,3,0,0,,,,,,,0,
File,"pngunknown.c_ancillary.c",5,,5,2,1,0,0,,,,1,4,3,0,1,,,,,,,0,
File,"pngunknown.c_ancillaryb.c",5,,5,2,0,0,0,,,,1,3,3,0,0,,,,,,,0,
File,"pngunknown.c_check.c",142,,137,27,31,5,3,,,,76,65,30,4,36,,,,,,,4,
File,"pngunknown.c_check_error.c",13,,13,3,0,0,0,,,,5,4,4,0,0,,,,,,,0,
File,"pngunknown.c_check_handling.c",95,,95,8,0,0,0,,,,36,8,8,0,0,,,,,,,0,
File,"pngunknown.c_clean_display.c",11,,11,4,2,0,0,,,,3,6,4,0,2,,,,,,,1,
File,"pngunknown.c_clear_keep.c",7,,7,2,0,0,0,,,,2,2,2,0,0,,,,,,,0,
File,"pngunknown.c_display_rc.c",5,,5,1,0,0,0,,,,1,1,1,0,0,,,,,,,0,
File,"pngunknown.c_find.c",11,,11,3,0,0,0,,,,3,3,3,0,0,,,,,,,0,
File,"pngunknown.c_find_by_flag.c",8,,8,4,1,0,0,,,,4,5,4,0,1,,,,,,,0,
File,"pngunknown.c_findb.c",11,,11,3,0,0,0,,,,3,3,3,0,0,,,,,,,0,
File,"pngunknown.c_get_unknown.c",39,,39,6,2,0,0,,,,13,10,8,0,2,,,,,,,1,
File,"pngunknown.c_get_valid.c",27,,27,3,0,0,0,,,,12,3,3,0,0,,,,,,,0,
File,"pngunknown.c_init_display.c",11,,11,2,0,0,0,,,,7,2,2,0,0,,,,,,,0,
File,"pngunknown.c_main.c",14,,14,3,2,0,0,,,,4,5,3,0,2,,,,,,,0,
File,"pngunknown.c_perform_one_test.c",30,,30,9,1,0,0,,,,19,9,8,0,1,,,,,,,0,
File,"pngunknown.c_perform_one_test_safe.c",16,,10,3,1,2,4,,,,4,3,2,0,1,,,,,,,1,
File,"pngunknown.c_read_callback.c",48,,44,1,0,1,3,,,,18,1,1,0,0,,,,,,,0,
File,"pngunknown.c_usage.c",8,,8,3,1,0,0,,,,2,4,3,0,1,,,,,,,0,
File,"pngunknown.c_warning.c",7,,7,1,0,0,0,,,,3,1,1,0,0,,,,,,,0,
File,"pngvalid.c__add.c",10,,10,2,0,0,0,,,,4,1,1,0,0,,,,,,,0,
File,"pngvalid.c__mod.c",7,,7,2,0,0,0,,,,1,1,1,0,0,,,,,,,0,
File,"pngvalid.c__set.c",7,,7,2,0,0,0,,,,2,1,1,0,0,,,,,,,0,
File,"pngvalid.c_abserr.c",9,,0,0,0,11,1,,,,2,0,0,0,0,,,,,,,0,
File,"pngvalid.c_bit_size.c",13,,13,2,0,0,0,,,,6,2,2,0,0,,,,,,,0,
File,"pngvalid.c_calcerr.c",10,,10,1,0,0,0,,,,3,1,1,0,0,,,,,,,0,
File,"pngvalid.c_check_interlace_type.c",9,,9,3,2,0,0,,,,2,5,3,0,2,,,,,,,1,
File,"pngvalid.c_chrm_modification_init.c",21,,21,5,0,0,0,,,,16,5,5,0,0,,,,,,,0,
File,"pngvalid.c_chrm_modify.c",16,,16,3,2,0,0,,,,11,5,3,0,2,,,,,,,0,
File,"pngvalid.c_chromaticity_x.c",5,,5,1,0,0,0,,,,1,1,1,0,0,,,,,,,0,
File,"pngvalid.c_chromaticity_y.c",5,,5,1,0,0,0,,,,1,1,1,0,0,,,,,,,0,
File,"pngvalid.c_deinterlace_row.c",13,,13,5,0,0,0,,,,7,4,4,0,0,,,,,,,0,
File,"pngvalid.c_digitize.c",12,,0,0,0,20,1,,,,6,0,0,0,0,,,,,,,0,
File,"pngvalid.c_fail.c",6,,6,0,0,0,0,,,,1,0,0,0,0,,,,,,,0,
File,"pngvalid.c_fix.c",6,,6,2,0,0,0,,,,2,2,2,0,0,,,,,,,0,
File,"pngvalid.c_gama_modification_init.c",13,,13,4,1,0,0,,,,9,5,4,0,1,,,,,,,0,
File,"pngvalid.c_gama_modify.c",9,,9,3,2,0,0,,,,4,5,3,0,2,,,,,,,0,
File,"pngvalid.c_gamma_component_compose.c",48,,14,3,7,39,4,,,,10,9,2,0,7,,,,,,,1,
File,"pngvalid.c_gamma_component_validate.c",334,,290,35,86,22,24,,,,153,137,39,5,93,,,,,,,4,
File,"pngvalid.c_gamma_composition_test.c",109,,80,9,12,29,4,,,,61,21,9,1,11,,,,,,,2,
File,"pngvalid.c_gamma_display_init.c",25,,25,7,0,0,0,,,,14,3,3,0,0,,,,,,,0,
File,"pngvalid.c_gamma_end.c",10,,10,1,0,0,0,,,,4,1,1,0,0,,,,,,,0,
File,"pngvalid.c_gamma_image_validate.c",106,,106,18,5,0,0,,,,48,19,17,0,2,,,,,,,1,
File,"pngvalid.c_gamma_info.c",6,,6,1,0,0,0,,,,1,1,1,0,0,,,,,,,0,
File,"pngvalid.c_gamma_info_imp.c",86,,32,7,2,47,31,,,,28,9,7,0,2,,,,,,,2,
File,"pngvalid.c_gamma_threshold_test.c",17,,17,8,6,0,0,,,,7,10,6,0,4,,,,,,,0,
File,"pngvalid.c_gamma_transform_test.c",27,,27,12,9,0,0,,,,11,14,7,0,7,,,,,,,1,
File,"pngvalid.c_image_pixel_add_alpha.c",41,,41,2,3,0,0,,,,13,8,2,1,5,,,,,,,3,
File,"pngvalid.c_image_pixel_convert_PLTE.c",15,,15,1,2,0,0,,,,4,4,1,1,2,,,,,,,2,
File,"pngvalid.c_image_pixel_init.c",41,,41,5,4,0,0,,,,20,8,4,0,4,,,,,,,2,
File,"pngvalid.c_image_pixel_setf.c",24,,24,1,0,0,0,,,,12,1,1,0,0,,,,,,,0,
File,"pngvalid.c_image_transform_add.c",109,,109,5,9,0,0,,,,50,16,6,6,8,,,,,,,2,
File,"pngvalid.c_image_transform_default_add.c",10,,10,3,1,0,0,,,,3,3,2,0,1,,,,,,,0,
File,"pngvalid.c_image_transform_default_ini.c",6,,6,2,0,0,0,,,,1,1,1,0,0,,,,,,,0,
File,"pngvalid.c_image_transform_ini_end.c",7,,7,3,0,0,0,,,,0,2,2,0,0,,,,,,,0,
File,"pngvalid.c_image_transform_mod_end.c",36,,36,4,3,0,0,,,,15,5,3,0,2,,,,,,,1,
File,"pngvalid.c_image_transform_png_set_background_mod.c",43,,43,5,2,0,0,,,,22,5,3,0,2,,,,,,,2,
File,"pngvalid.c_image_transform_png_set_background_set.c",39,,35,6,5,1,3,,,,20,10,5,1,4,,,,,,,1,
File,"pngvalid.c_image_transform_png_set_expand_16_add.c",9,,9,3,0,0,0,,,,3,2,2,0,0,,,,,,,0,
File,"pngvalid.c_image_transform_png_set_expand_16_mod.c",13,,13,5,0,0,0,,,,4,3,3,0,0,,,,,,,0,
File,"pngvalid.c_image_transform_png_set_expand_16_set.c",7,,7,3,0,0,0,,,,2,2,2,0,0,,,,,,,0,
File,"pngvalid.c_image_transform_png_set_expand_add.c",9,,9,3,0,0,0,,,,3,2,2,0,0,,,,,,,0,
File,"pngvalid.c_image_transform_png_set_expand_gray_1_2_4_to_8_add.c",7,,7,3,0,0,0,,,,1,2,2,0,0,,,,,,,0,
File,"pngvalid.c_image_transform_png_set_expand_gray_1_2_4_to_8_mod.c",7,,7,4,0,0,0,,,,1,2,2,0,0,,,,,,,0,
File,"pngvalid.c_image_transform_png_set_expand_gray_1_2_4_to_8_set.c",8,,8,4,0,0,0,,,,2,2,2,0,0,,,,,,,0,
File,"pngvalid.c_image_transform_png_set_expand_mod.c",13,,13,5,0,0,0,,,,4,3,3,0,0,,,,,,,0,
File,"pngvalid.c_image_transform_png_set_expand_set.c",7,,7,3,0,0,0,,,,2,2,2,0,0,,,,,,,0,
File,"pngvalid.c_image_transform_png_set_gray_to_rgb_add.c",9,,9,3,0,0,0,,,,3,2,2,0,0,,,,,,,0,
File,"pngvalid.c_image_transform_png_set_gray_to_rgb_mod.c",17,,17,4,2,0,0,,,,5,4,2,1,1,,,,,,,1,
File,"pngvalid.c_image_transform_png_set_gray_to_rgb_set.c",7,,7,3,0,0,0,,,,2,2,2,0,0,,,,,,,0,
File,"pngvalid.c_image_transform_png_set_palette_to_rgb_add.c",9,,9,3,0,0,0,,,,3,2,2,0,0,,,,,,,0,
File,"pngvalid.c_image_transform_png_set_palette_to_rgb_mod.c",9,,9,4,0,0,0,,,,2,2,2,0,0,,,,,,,0,
File,"pngvalid.c_image_transform_png_set_palette_to_rgb_set.c",7,,7,3,0,0,0,,,,2,2,2,0,0,,,,,,,0,
File,"pngvalid.c_image_transform_png_set_rgb_to_gray_add.c",9,,9,3,0,0,0,,,,3,2,2,0,0,,,,,,,0,
File,"pngvalid.c_image_transform_png_set_rgb_to_gray_ini.c",90,,76,8,6,5,9,,,,38,14,7,1,6,,,,,,,2,
File,"pngvalid.c_image_transform_png_set_rgb_to_gray_mod.c",182,,97,21,22,114,3,,,,119,46,23,2,21,,,,,,,3,
File,"pngvalid.c_image_transform_png_set_rgb_to_gray_set.c",91,,9,3,0,98,18,,,,40,2,2,0,0,,,,,,,0,
File,"pngvalid.c_image_transform_png_set_scale_16_add.c",9,,9,3,0,0,0,,,,3,2,2,0,0,,,,,,,0,
File,"pngvalid.c_image_transform_png_set_scale_16_mod.c",15,,15,3,1,0,0,,,,6,2,1,0,1,,,,,,,1,
File,"pngvalid.c_image_transform_png_set_scale_16_set.c",7,,7,3,0,0,0,,,,2,2,2,0,0,,,,,,,0,
File,"pngvalid.c_image_transform_png_set_strip_16_add.c",9,,9,3,0,0,0,,,,3,2,2,0,0,,,,,,,0,
File,"pngvalid.c_image_transform_png_set_strip_16_mod.c",27,,15,3,1,15,5,,,,11,2,1,0,1,,,,,,,1,
File,"pngvalid.c_image_transform_png_set_strip_16_set.c",7,,7,3,0,0,0,,,,2,2,2,0,0,,,,,,,0,
File,"pngvalid.c_image_transform_png_set_strip_alpha_add.c",9,,9,3,0,0,0,,,,3,2,2,0,0,,,,,,,0,
File,"pngvalid.c_image_transform_png_set_strip_alpha_mod.c",13,,13,3,0,0,0,,,,5,1,1,0,0,,,,,,,0,
File,"pngvalid.c_image_transform_png_set_strip_alpha_set.c",7,,7,3,0,0,0,,,,2,2,2,0,0,,,,,,,0,
File,"pngvalid.c_image_transform_png_set_tRNS_to_alpha_add.c",9,,9,3,0,0,0,,,,3,2,2,0,0,,,,,,,0,
File,"pngvalid.c_image_transform_png_set_tRNS_to_alpha_mod.c",18,,18,5,2,0,0,,,,5,5,3,1,1,,,,,,,1,
File,"pngvalid.c_image_transform_png_set_tRNS_to_alpha_set.c",7,,7,3,0,0,0,,,,2,2,2,0,0,,,,,,,0,
File,"pngvalid.c_image_transform_reset_count.c",14,,14,3,2,0,0,,,,7,5,3,0,2,,,,,,,1,
File,"pngvalid.c_image_transform_set_end.c",9,,9,3,0,0,0,,,,0,2,2,0,0,,,,,,,0,
File,"pngvalid.c_image_transform_test_counter.c",13,,13,1,0,0,0,,,,5,1,1,0,0,,,,,,,0,
File,"pngvalid.c_init_gamma_errors.c",8,,8,1,0,0,0,,,,4,1,1,0,0,,,,,,,0,
File,"pngvalid.c_init_standard_palette.c",33,,29,6,5,2,2,,,,21,11,6,0,9,,,,,,,3,
File,"pngvalid.c_init_validate_info.c",68,,65,11,3,3,2,,,,42,16,12,1,3,,,,,,,2,
File,"pngvalid.c_interlace_row.c",13,,13,5,0,0,0,,,,7,4,4,0,0,,,,,,,0,
File,"pngvalid.c_internal_error.c",9,,9,3,0,0,0,,,,3,4,4,0,0,,,,,,,0,
File,"pngvalid.c_main.c",7,,6,2,0,0,1,,,,2,2,2,0,0,,,,,,,0,
File,"pngvalid.c_make_error.c",67,,63,4,0,0,4,,,,35,3,3,0,0,,,,,,,0,
File,"pngvalid.c_make_errors.c",25,,25,9,1,0,0,,,,13,10,9,0,1,,,,,,,0,
File,"pngvalid.c_make_four_random_bytes.c",5,,5,2,0,0,0,,,,1,2,2,0,0,,,,,,,0,
File,"pngvalid.c_make_random_bytes.c",18,,18,2,1,0,0,,,,13,3,2,0,3,,,,,,,1,
File,"pngvalid.c_make_size.c",26,,20,3,0,4,2,,,,12,3,3,0,0,,,,,,,0,
File,"pngvalid.c_make_size_image.c",111,,70,6,0,50,8,,,,67,3,3,0,0,,,,,,,0,
File,"pngvalid.c_make_size_images.c",10,,10,3,0,0,0,,,,6,3,3,0,0,,,,,,,0,
File,"pngvalid.c_make_standard_palette.c",59,,59,6,8,0,0,,,,41,14,7,1,9,,,,,,,2,
File,"pngvalid.c_make_transform_image.c",88,,51,5,0,40,9,,,,50,3,3,0,0,,,,,,,0,
File,"pngvalid.c_make_transform_images.c",21,,21,8,1,0,0,,,,10,8,8,0,0,,,,,,,0,
File,"pngvalid.c_modification_init.c",10,,10,3,0,0,0,,,,6,3,3,0,0,,,,,,,0,
File,"pngvalid.c_modification_reset.c",11,,11,1,1,0,0,,,,4,2,1,0,1,,,,,,,1,
File,"pngvalid.c_modifier_color_encoding_is_sRGB.c",6,,6,1,0,0,0,,,,1,1,1,0,0,,,,,,,0,
File,"pngvalid.c_modifier_color_encoding_is_set.c",5,,5,1,0,0,0,,,,1,1,1,0,0,,,,,,,0,
File,"pngvalid.c_modifier_crc.c",7,,7,2,0,0,0,,,,3,2,2,0,0,,,,,,,0,
File,"pngvalid.c_modifier_current_encoding.c",9,,9,2,0,0,0,,,,3,2,2,0,0,,,,,,,0,
File,"pngvalid.c_modifier_encoding_iterate.c",24,,24,3,3,0,0,,,,5,6,3,1,2,,,,,,,2,
File,"pngvalid.c_modifier_init.c",47,,47,3,0,0,0,,,,43,3,3,0,0,,,,,,,0,
File,"pngvalid.c_modifier_progressive_read.c",30,,30,6,3,0,0,,,,15,10,6,3,3,,,,,,,3,
File,"pngvalid.c_modifier_read.c",9,,9,1,0,0,0,,,,4,1,1,0,0,,,,,,,0,
File,"pngvalid.c_modifier_read_imp.c",139,,139,9,0,0,0,,,,67,10,10,0,0,,,,,,,0,
File,"pngvalid.c_modifier_reset.c",16,,16,3,0,0,0,,,,12,3,3,0,0,,,,,,,0,
File,"pngvalid.c_modifier_set_encoding.c",24,,24,2,3,0,0,,,,9,7,2,2,3,,,,,,,3,
File,"pngvalid.c_modifier_setbuffer.c",7,,7,3,0,0,0,,,,3,3,3,0,0,,,,,,,0,
File,"pngvalid.c_modifier_total_encodings.c",9,,9,1,0,0,0,,,,1,1,1,0,0,,,,,,,0,
File,"pngvalid.c_next_format.c",49,,46,3,6,1,2,,,,22,11,2,0,9,,,,,,,2,
File,"pngvalid.c_normalize_color_encoding.c",18,,18,1,1,0,0,,,,10,2,1,0,1,,,,,,,1,
File,"pngvalid.c_npasses_from_interlace_type.c",13,,13,2,3,0,0,,,,3,6,2,1,3,,,,,,,1,
File,"pngvalid.c_outerr.c",14,,14,0,0,0,0,,,,5,0,0,0,0,,,,,,,0,
File,"pngvalid.c_outlog.c",21,,21,0,0,0,0,,,,7,0,0,0,0,,,,,,,0,
File,"pngvalid.c_output_quantization_factor.c",10,,10,0,0,0,0,,,,2,0,0,0,0,,,,,,,0,
File,"pngvalid.c_pcerr.c",9,,9,1,0,0,0,,,,2,1,1,0,0,,,,,,,0,
File,"pngvalid.c_perform_error_test.c",19,,5,2,0,12,3,,,,6,2,2,0,0,,,,,,,0,
File,"pngvalid.c_perform_formatting_test.c",54,,5,2,0,50,8,,,,28,2,2,0,0,,,,,,,0,
File,"pngvalid.c_perform_gamma_composition_tests.c",21,,21,7,1,0,0,,,,10,7,7,0,0,,,,,,,0,
File,"pngvalid.c_perform_gamma_sbit_tests.c",29,,29,7,0,0,0,,,,13,7,7,0,0,,,,,,,0,
File,"pngvalid.c_perform_gamma_scale16_tests.c",39,,0,0,0,46,5,,,,13,0,0,0,0,,,,,,,0,
File,"pngvalid.c_perform_gamma_test.c",110,,50,10,16,59,8,,,,52,31,10,0,21,,,,,,,2,
File,"pngvalid.c_perform_gamma_threshold_tests.c",22,,22,6,1,0,0,,,,8,6,6,0,0,,,,,,,0,
File,"pngvalid.c_perform_gamma_transform_tests.c",20,,20,6,1,0,0,,,,10,7,7,0,0,,,,,,,0,
File,"pngvalid.c_perform_interlace_macro_validation.c",97,,97,24,14,0,0,,,,50,49,24,3,26,,,,,,,4,
File,"pngvalid.c_perform_size_test.c",16,,12,2,5,2,2,,,,5,10,2,0,8,,,,,,,1,
File,"pngvalid.c_perform_standard_test.c",14,,14,2,6,0,0,,,,5,12,2,0,10,,,,,,,1,
File,"pngvalid.c_perform_transform_test.c",32,,32,10,2,0,0,,,,17,11,11,0,0,,,,,,,0,
File,"pngvalid.c_pixel_cmp.c",25,,20,2,4,5,3,,,,12,9,2,0,7,,,,,,,2,
File,"pngvalid.c_pixel_copy.c",19,,19,6,2,0,0,,,,10,7,5,1,1,,,,,,,1,
File,"pngvalid.c_png_col_from_pass_col.c",16,,16,1,10,0,0,,,,9,19,1,7,11,,,,,,,1,
File,"pngvalid.c_png_col_in_interlace_pass.c",10,,10,2,5,0,0,,,,7,7,2,0,7,,,,,,,2,
File,"pngvalid.c_png_pass_col_shift.c",29,,29,2,21,0,0,,,,17,32,5,0,31,,,,,,,4,
File,"pngvalid.c_png_pass_cols.c",16,,16,2,4,0,0,,,,13,8,3,0,9,,,,,,,3,
File,"pngvalid.c_png_pass_row_shift.c",28,,28,2,20,0,0,,,,16,30,5,0,29,,,,,,,4,
File,"pngvalid.c_png_pass_rows.c",16,,16,2,4,0,0,,,,13,8,3,0,9,,,,,,,3,
File,"pngvalid.c_png_pass_start_col.c",9,,9,2,5,0,0,,,,8,9,3,0,10,,,,,,,3,
File,"pngvalid.c_png_pass_start_row.c",9,,9,2,5,0,0,,,,8,9,3,0,10,,,,,,,3,
File,"pngvalid.c_png_row_from_pass_row.c",16,,16,1,10,0,0,,,,9,19,1,7,11,,,,,,,1,
File,"pngvalid.c_png_row_in_interlace_pass.c",10,,10,2,5,0,0,,,,7,7,2,0,7,,,,,,,2,
File,"pngvalid.c_print_one.c",6,,6,2,2,0,0,,,,1,4,2,0,2,,,,,,,1,
File,"pngvalid.c_progressive_row.c",41,,18,1,0,19,6,,,,12,1,1,0,0,,,,,,,0,
File,"pngvalid.c_random_32.c",13,,13,3,1,0,0,,,,7,4,3,3,0,,,,,,,1,
File,"pngvalid.c_random_choice.c",7,,7,3,2,0,0,,,,3,5,3,0,2,,,,,,,0,
File,"pngvalid.c_random_mod.c",7,,7,3,2,0,0,,,,3,5,3,0,2,,,,,,,0,
File,"pngvalid.c_randomize.c",6,,6,2,0,0,0,,,,2,3,3,0,0,,,,,,,0,
File,"pngvalid.c_read_palette.c",56,,56,10,10,0,0,,,,36,17,9,0,8,,,,,,,2,
File,"pngvalid.c_row_copy.c",13,,13,3,2,0,0,,,,6,5,3,0,2,,,,,,,1,
File,"pngvalid.c_sBIT0_error_fn.c",7,,7,2,0,0,0,,,,3,2,2,0,0,,,,,,,0,
File,"pngvalid.c_sBIT_error_fn.c",13,,13,4,0,0,0,,,,6,4,4,0,0,,,,,,,0,
File,"pngvalid.c_safecat.c",11,,11,0,0,0,0,,,,4,0,0,0,0,,,,,,,0,
File,"pngvalid.c_safecat_color_encoding.c",37,,37,4,15,0,0,,,,24,21,3,0,18,,,,,,,2,
File,"pngvalid.c_safecat_current_encoding.c",10,,10,4,3,0,0,,,,3,6,3,0,3,,,,,,,1,
File,"pngvalid.c_safecatd.c",8,,0,0,0,7,1,,,,3,0,0,0,0,,,,,,,0,
File,"pngvalid.c_safecatn.c",7,,7,4,3,0,0,,,,3,6,4,0,2,,,,,,,0,
File,"pngvalid.c_sample.c",25,,25,2,1,0,0,,,,12,2,1,0,1,,,,,,,1,
File,"pngvalid.c_sample_scale.c",10,,10,2,6,0,0,,,,4,8,2,0,6,,,,,,,1,
File,"pngvalid.c_sbit_modification_init.c",11,,11,2,0,0,0,,,,7,2,2,0,0,,,,,,,0,
File,"pngvalid.c_sbit_modify.c",40,,40,4,7,0,0,,,,18,9,4,0,5,,,,,,,1,
File,"pngvalid.c_sequential_row.c",41,,41,8,0,0,0,,,,20,8,8,0,0,,,,,,,0,
File,"pngvalid.c_set_modifier_for_read.c",14,,14,2,0,0,0,,,,9,2,2,0,0,,,,,,,0,
File,"pngvalid.c_set_store_for_read.c",38,,22,9,1,12,4,,,,15,11,10,0,1,,,,,,,1,
File,"pngvalid.c_set_store_for_write.c",37,,21,2,0,12,4,,,,14,2,2,0,0,,,,,,,0,
File,"pngvalid.c_signal_handler.c",41,,41,9,23,0,0,,,,23,30,10,0,20,,,,,,,1,
File,"pngvalid.c_size_row.c",13,,13,1,1,0,0,,,,5,2,1,0,1,,,,,,,1,
File,"pngvalid.c_srgb_modification_init.c",20,,20,2,2,0,0,,,,10,3,2,0,1,,,,,,,1,
File,"pngvalid.c_srgb_modify.c",9,,9,3,2,0,0,,,,4,5,3,0,2,,,,,,,0,
File,"pngvalid.c_standard_check_text.c",68,,68,11,25,0,0,,,,31,38,11,0,28,,,,,,,2,
File,"pngvalid.c_standard_display_init.c",32,,32,8,0,0,0,,,,23,7,7,0,0,,,,,,,0,
File,"pngvalid.c_standard_end.c",11,,11,1,0,0,0,,,,4,1,1,0,0,,,,,,,0,
File,"pngvalid.c_standard_height.c",8,,8,2,0,0,0,,,,3,4,4,0,0,,,,,,,0,
File,"pngvalid.c_standard_image_validate.c",13,,13,4,0,0,0,,,,7,3,3,0,0,,,,,,,0,
File,"pngvalid.c_standard_info.c",7,,7,1,0,0,0,,,,2,1,1,0,0,,,,,,,0,
File,"pngvalid.c_standard_info_imp.c",15,,15,7,2,0,0,,,,5,8,6,1,1,,,,,,,1,
File,"pngvalid.c_standard_info_part1.c",93,,93,18,13,0,0,,,,40,38,19,5,14,,,,,,,3,
File,"pngvalid.c_standard_info_part2.c",12,,12,8,0,0,0,,,,5,8,8,0,0,,,,,,,0,
File,"pngvalid.c_standard_name.c",44,,44,8,20,0,0,,,,19,24,4,0,20,,,,,,,2,
File,"pngvalid.c_standard_name_from_id.c",7,,7,4,0,0,0,,,,1,9,9,0,0,,,,,,,0,
File,"pngvalid.c_standard_palette_init.c",21,,14,4,3,5,3,,,,7,8,4,0,4,,,,,,,3,
File,"pngvalid.c_standard_palette_validate.c",28,,28,10,7,0,0,,,,12,13,9,0,4,,,,,,,1,
File,"pngvalid.c_standard_row.c",10,,10,5,0,0,0,,,,2,7,7,0,0,,,,,,,0,
File,"pngvalid.c_standard_row_validate.c",31,,29,10,3,0,2,,,,10,12,10,0,2,,,,,,,1,
File,"pngvalid.c_standard_rowsize.c",7,,7,2,0,0,0,,,,3,4,4,0,0,,,,,,,0,
File,"pngvalid.c_standard_test.c",46,,46,5,0,0,0,,,,19,4,4,0,0,,,,,,,0,
File,"pngvalid.c_standard_text_validate.c",20,,20,6,3,0,0,,,,7,6,5,0,1,,,,,,,1,
File,"pngvalid.c_standard_width.c",9,,9,2,0,0,0,,,,3,2,2,0,0,,,,,,,0,
File,"pngvalid.c_store_current_palette.c",8,,8,2,0,0,0,,,,3,2,2,0,0,,,,,,,0,
File,"pngvalid.c_store_delete.c",8,,8,5,0,0,0,,,,4,5,5,0,0,,,,,,,0,
File,"pngvalid.c_store_ensure_image.c",39,,39,6,3,0,0,,,,23,11,6,0,5,,,,,,,3,
File,"pngvalid.c_store_error.c",12,,12,1,0,0,0,,,,5,1,1,0,0,,,,,,,0,
File,"pngvalid.c_store_flush.c",5,,5,1,0,0,0,,,,0,1,1,0,0,,,,,,,0,
File,"pngvalid.c_store_free.c",21,,21,1,0,0,0,,,,12,1,1,0,0,,,,,,,0,
File,"pngvalid.c_store_freebuffer.c",10,,10,2,1,0,0,,,,3,3,2,0,1,,,,,,,1,
File,"pngvalid.c_store_freefile.c",18,,18,3,1,0,0,,,,8,5,3,0,2,,,,,,,2,
File,"pngvalid.c_store_freenew.c",12,,12,3,1,0,0,,,,5,4,3,0,1,,,,,,,1,
File,"pngvalid.c_store_image_check.c",23,,23,2,2,0,0,,,,9,4,2,1,1,,,,,,,1,
File,"pngvalid.c_store_image_free.c",19,,19,4,1,0,0,,,,7,6,4,0,2,,,,,,,2,
File,"pngvalid.c_store_image_row.c",11,,11,2,0,0,0,,,,4,2,2,0,0,,,,,,,0,
File,"pngvalid.c_store_init.c",33,,33,4,0,0,0,,,,29,4,4,0,0,,,,,,,0,
File,"pngvalid.c_store_log.c",10,,10,4,0,0,0,,,,2,3,3,0,0,,,,,,,0,
File,"pngvalid.c_store_malloc.c",29,,29,1,0,0,0,,,,16,1,1,0,0,,,,,,,0,
File,"pngvalid.c_store_memory_free.c",22,,22,4,5,0,0,,,,7,12,4,4,4,,,,,,,2,
File,"pngvalid.c_store_message.c",31,,31,3,7,0,0,,,,11,10,2,0,8,,,,,,,2,
File,"pngvalid.c_store_pool_delete.c",37,,37,4,1,0,0,,,,17,5,4,0,1,,,,,,,1,
File,"pngvalid.c_store_pool_error.c",7,,7,3,0,0,0,,,,2,3,3,0,0,,,,,,,0,
File,"pngvalid.c_store_pool_init.c",10,,10,3,0,0,0,,,,6,3,3,0,0,,,,,,,0,
File,"pngvalid.c_store_pool_mark.c",6,,6,2,0,0,0,,,,2,3,3,0,0,,,,,,,0,
File,"pngvalid.c_store_progressive_read.c",13,,13,4,0,0,0,,,,4,5,5,0,0,,,,,,,0,
File,"pngvalid.c_store_read.c",9,,9,1,0,0,0,,,,4,1,1,0,0,,,,,,,0,
File,"pngvalid.c_store_read_buffer_avail.c",19,,19,3,2,0,0,,,,7,5,3,0,2,,,,,,,1,
File,"pngvalid.c_store_read_buffer_next.c",19,,19,2,3,0,0,,,,8,6,2,0,4,,,,,,,2,
File,"pngvalid.c_store_read_buffer_size.c",7,,7,1,0,0,0,,,,2,1,1,0,0,,,,,,,0,
File,"pngvalid.c_store_read_imp.c",20,,20,5,0,0,0,,,,8,6,6,0,0,,,,,,,0,
File,"pngvalid.c_store_read_reset.c",24,,8,1,0,14,4,,,,9,1,1,0,0,,,,,,,0,
File,"pngvalid.c_store_read_set.c",23,,23,7,0,0,0,,,,11,7,7,0,0,,,,,,,0,
File,"pngvalid.c_store_storefile.c",19,,19,4,0,0,0,,,,14,5,5,0,0,,,,,,,0,
File,"pngvalid.c_store_storenew.c",13,,13,3,0,0,0,,,,7,4,4,0,0,,,,,,,0,
File,"pngvalid.c_store_verbose.c",11,,11,6,1,0,0,,,,5,5,5,0,0,,,,,,,0,
File,"pngvalid.c_store_warning.c",10,,10,1,0,0,0,,,,4,1,1,0,0,,,,,,,0,
File,"pngvalid.c_store_write.c",21,,21,1,0,0,0,,,,11,1,1,0,0,,,,,,,0,
File,"pngvalid.c_store_write_palette.c",17,,17,4,1,0,0,,,,6,6,5,0,1,,,,,,,1,
File,"pngvalid.c_store_write_reset.c",19,,16,3,1,1,2,,,,6,4,3,0,1,,,,,,,1,
File,"pngvalid.c_summarize_gamma_errors.c",22,,22,5,4,0,0,,,,11,8,4,1,3,,,,,,,1,
File,"pngvalid.c_test_size.c",49,,30,6,1,15,4,,,,22,8,7,0,1,,,,,,,0,
File,"pngvalid.c_test_standard.c",18,,18,5,1,0,0,,,,8,7,6,0,1,,,,,,,0,
File,"pngvalid.c_transform_disable.c",17,,17,4,1,0,0,,,,6,5,4,0,1,,,,,,,0,
File,"pngvalid.c_transform_display_init.c",12,,12,4,0,0,0,,,,6,3,3,0,0,,,,,,,0,
File,"pngvalid.c_transform_enable.c",25,,25,6,5,0,0,,,,10,9,6,0,3,,,,,,,1,
File,"pngvalid.c_transform_end.c",11,,11,1,0,0,0,,,,4,1,1,0,0,,,,,,,0,
File,"pngvalid.c_transform_height.c",24,,23,2,0,0,1,,,,6,2,2,0,0,,,,,,,0,
File,"pngvalid.c_transform_image_validate.c",100,,100,12,7,0,0,,,,55,19,14,0,5,,,,,,,2,
File,"pngvalid.c_transform_info.c",6,,6,1,0,0,0,,,,1,1,1,0,0,,,,,,,0,
File,"pngvalid.c_transform_info_imp.c",85,,85,20,13,0,0,,,,46,27,20,0,10,,,,,,,1,
File,"pngvalid.c_transform_range_check.c",34,,34,13,21,0,0,,,,24,30,12,0,20,,,,,,,1,
File,"pngvalid.c_transform_row.c",86,,86,4,0,0,0,,,,53,3,3,0,0,,,,,,,0,
File,"pngvalid.c_transform_rowsize.c",6,,6,3,0,0,0,,,,1,2,2,0,0,,,,,,,0,
File,"pngvalid.c_transform_set_encoding.c",17,,17,7,2,0,0,,,,5,10,7,1,2,,,,,,,2,
File,"pngvalid.c_transform_test.c",51,,43,4,0,7,2,,,,26,3,3,0,0,,,,,,,0,
File,"pngvalid.c_white_point.c",9,,9,1,0,0,0,,,,5,1,1,0,0,,,,,,,0,
File,"pngwio.c_png_default_flush.c",9,,9,1,0,0,0,,,,4,1,1,0,0,,,,,,,0,
File,"pngwio.c_png_default_write_data.c",47,,47,1,0,0,0,,,,24,1,1,0,0,,,,,,,0,
File,"pngwio.c_png_far_to_near.c",24,,24,9,2,0,0,,,,12,11,9,0,2,,,,,,,0,
File,"pngwio.c_png_flush.c",6,,6,1,0,0,0,,,,1,1,1,0,0,,,,,,,0,
File,"pngwio.c_png_set_write_fn.c",25,,25,1,0,0,0,,,,10,1,1,0,0,,,,,,,0,
File,"pngwio.c_png_write_data.c",8,,8,2,0,0,0,,,,2,2,2,0,0,,,,,,,0,
File,"pnm2png.c_get_data.c",23,,23,0,0,0,0,,,,17,0,0,0,0,,,,,,,0,
File,"pnm2png.c_get_token.c",30,,30,0,0,0,0,,,,15,0,0,0,0,,,,,,,0,
File,"pnm2png.c_get_value.c",20,,20,0,0,0,0,,,,16,0,0,0,0,,,,,,,0,
File,"pnm2png.c_main.c",90,,80,0,0,9,2,,,,43,0,0,0,0,,,,,,,0,
File,"pnm2png.c_pnm2png.c",266,,232,0,0,25,11,,,,150,0,0,0,0,,,,,,,0,
File,"pnm2png.c_usage.c",18,,14,0,0,1,3,,,,10,0,0,0,0,,,,,,,0,
Static Function,"print_one",6,2,6,1,2,0,0,1,2,0,1,2,0,0,2,2,2,2,1,0,0,1,0
Static Function,"print_opts",22,0,22,1,10,0,0,1,512,3,9,18,0,0,18,10,10,10,1,0,0,1,0
Static Function,"print_pixel",55,0,55,9,0,0,0,0,1,0,19,7,7,0,0,1,1,1,1,0,0,0,0
Static Function,"print_pixel",25,0,25,1,1,0,0,0,1,0,10,0,0,0,0,1,1,1,1,0,0,0,0
Static Function,"process_iTXt",43,0,43,7,2,0,0,2,1,0,22,10,8,0,2,1,1,1,1,0,0,0,0
Function,"put_chunk",9,0,9,4,0,0,0,0,1,0,5,3,3,0,0,1,1,1,1,0,0,0,0
Function,"put_uLong",8,0,8,2,0,0,0,0,1,0,4,1,1,0,0,1,1,1,1,0,0,0,0
Static Function,"random_32",13,0,13,3,1,0,0,1,2,0,7,3,2,3,0,2,2,2,1,0,0,1,0
Static Function,"random_choice",7,0,7,3,2,0,0,2,1,0,3,4,2,0,2,1,1,1,1,0,0,0,0
Static Function,"random_color",6,0,6,2,0,0,0,0,1,0,2,2,2,0,0,1,1,1,1,0,0,0,0
Static Function,"random_mod",7,1,7,3,2,0,0,2,1,0,3,4,2,0,2,1,1,1,1,0,0,0,0
Static Function,"randomize",6,0,6,2,0,0,0,0,1,0,2,2,2,0,0,1,1,1,1,0,0,0,0
Static Function,"read_byte",34,0,27,5,5,5,2,1,3,0,13,9,6,0,3,3,3,4,1,2,0,1,0
Static Function,"read_file",70,0,57,10,4,10,3,2,12,1,23,15,9,1,5,5,5,5,1,2,0,2,0
Static Function,"read_one_file",36,0,34,5,5,0,2,1,6,1,17,11,5,3,5,4,4,4,3,3,3,2,2
Static Function,"read_one_file",55,0,55,10,8,0,0,1,8,1,16,22,10,5,7,8,8,9,1,6,0,7,0
Static Function,"read_palette",56,1,56,9,10,0,0,2,6,1,36,15,7,0,8,4,4,4,1,2,0,2,0
Static Function,"read_png",38,2,23,9,3,12,4,2,2,0,22,12,9,0,3,2,2,2,1,0,0,1,0
Static Function,"read_png",44,0,44,12,4,0,0,1,4,1,29,19,13,0,8,4,4,4,3,2,2,1,2
File,"readpng.c_readpng_cleanup.c",13,,13,3,1,0,0,,,,5,5,3,0,2,,,,,,,1,
File,"readpng.c_readpng_get_bgcolor.c",29,,29,1,0,0,0,,,,15,1,1,0,0,,,,,,,0,
File,"readpng.c_readpng_get_image.c",55,,47,16,1,6,5,,,,34,20,17,0,3,,,,,,,1,
File,"readpng.c_readpng_init.c",27,,27,11,6,0,0,,,,17,21,12,0,9,,,,,,,1,
File,"readpng.c_readpng_version_info.c",8,,8,3,0,0,0,,,,3,3,3,0,0,,,,,,,0,
File,"readpng2.c_readpng2_check_sig.c",5,,5,2,0,0,0,,,,1,2,2,0,0,,,,,,,0,
File,"readpng2.c_readpng2_cleanup.c",10,,10,2,0,0,0,,,,5,2,2,0,0,,,,,,,0,
File,"readpng2.c_readpng2_decode_data.c",13,,13,4,3,0,0,,,,8,7,4,0,3,,,,,,,1,
File,"readpng2.c_readpng2_end_callback.c",8,,8,2,1,0,0,,,,4,3,2,0,1,,,,,,,0,
File,"readpng2.c_readpng2_error_handler.c",15,,15,6,2,0,0,,,,8,8,6,0,2,,,,,,,1,
File,"readpng2.c_readpng2_info_callback.c",84,,65,16,6,11,11,,,,39,23,17,0,6,,,,,,,2,
File,"readpng2.c_readpng2_init.c",37,,23,6,5,20,2,,,,16,13,6,0,7,,,,,,,1,
File,"readpng2.c_readpng2_row_callback.c",14,,14,4,3,0,0,,,,7,6,3,0,3,,,,,,,1,
File,"readpng2.c_readpng2_version_info.c",8,,8,3,0,0,0,,,,3,3,3,0,0,,,,,,,0,
Function,"readpng2_check_sig",4,0,4,2,0,0,0,1,1,0,1,1,1,0,0,1,1,1,1,0,0,0,0
Function,"readpng2_cleanup",9,0,9,2,0,0,0,0,1,0,5,1,1,0,0,1,1,1,1,0,0,0,0
Function,"readpng2_decode_data",13,0,13,4,2,0,0,1,2,0,8,6,3,0,3,2,2,2,1,1,0,1,0
Static Function,"readpng2_end_callback",7,0,7,2,1,0,0,0,1,0,4,2,1,0,1,1,1,1,1,0,0,0,0
Static Function,"readpng2_error_handler",14,0,14,5,1,0,0,1,2,0,8,6,4,0,2,2,2,2,1,1,0,1,0
Static Function,"readpng2_info_callback",83,0,64,16,5,11,11,0,5,1,39,22,16,0,6,5,5,5,1,3,0,2,0
Function,"readpng2_init",37,0,23,6,4,20,2,1,4,1,16,12,5,0,7,4,4,4,4,3,3,1,3
Static Function,"readpng2_row_callback",13,0,13,4,2,0,0,0,2,0,7,5,2,0,3,2,2,2,1,1,0,1,0
Function,"readpng2_version_info",7,1,7,2,0,0,0,0,1,0,2,1,1,0,0,1,1,1,1,0,0,0,0
Function,"readpng_cleanup",7,0,7,1,0,0,0,0,2,0,2,1,0,0,1,2,2,2,1,0,0,1,0
Function,"readpng_cleanup",12,0,12,2,0,0,0,0,4,1,5,3,1,0,2,3,3,3,1,0,0,1,0
Function,"readpng_get_image",12,1,12,2,1,0,0,2,2,0,7,4,2,0,2,2,2,2,1,0,0,1,0
Function,"readpng_get_image",55,0,47,14,0,6,5,1,8,1,34,18,15,0,3,4,4,4,1,0,0,1,0
Function,"readpng_init",27,0,27,11,5,0,0,1,5,1,17,20,11,0,9,5,5,5,5,4,4,1,4
Function,"readpng_init",37,0,37,4,6,0,0,1,7,1,24,11,4,0,7,5,5,5,3,4,2,1,2
Function,"readpng_version_info",7,0,7,2,0,0,0,0,1,0,2,1,1,0,0,1,1,1,1,0,0,0,0
Function,"readpng_version_info",4,0,4,2,0,0,0,0,1,0,1,1,1,0,0,1,1,1,1,0,0,0,0
File,"readppm.c_readpng_cleanup.c",8,,8,2,1,0,0,,,,2,3,2,0,1,,,,,,,1,
File,"readppm.c_readpng_get_bgcolor.c",5,,5,1,0,0,0,,,,1,1,1,0,0,,,,,,,0,
File,"readppm.c_readpng_get_image.c",12,,12,3,2,0,0,,,,7,5,3,0,2,,,,,,,1,
File,"readppm.c_readpng_init.c",37,,37,5,7,0,0,,,,24,13,6,0,7,,,,,,,1,
File,"readppm.c_readpng_version_info.c",5,,5,3,0,0,0,,,,2,3,3,0,0,,,,,,,0,
Function,"repl_getch",13,0,13,6,1,0,0,1,1,0,10,9,8,0,1,1,1,1,1,0,0,0,0
Function,"repl_getch",13,0,13,6,1,0,0,1,1,0,10,9,8,0,1,1,1,1,1,0,0,0,0
Static Function,"resetimage",6,0,6,2,0,0,0,0,1,0,1,1,1,0,0,1,1,1,1,0,0,0,0
Static Function,"row_copy",13,1,13,2,2,0,0,0,2,0,6,3,1,0,2,2,2,2,1,0,0,1,0
File,"rpng-win.c_WinMain.c",213,,178,2,0,25,22,,,,103,2,2,0,0,,,,,,,0,
File,"rpng-win.c_repl_getch.c",14,,13,6,1,0,1,,,,10,10,9,0,1,,,,,,,0,
File,"rpng-win.c_rpng_win_cleanup.c",12,,12,2,1,0,0,,,,4,4,2,0,2,,,,,,,1,
File,"rpng-win.c_rpng_win_create_window.c",54,,54,10,3,0,0,,,,41,14,11,0,3,,,,,,,1,
File,"rpng-win.c_rpng_win_display_image.c",65,,65,2,0,0,0,,,,45,2,2,0,0,,,,,,,0,
File,"rpng-win.c_rpng_win_wndproc.c",32,,32,1,0,0,0,,,,13,1,1,0,0,,,,,,,0,
File,"rpng2-win.c_WinMain.c",255,,220,2,0,26,22,,,,124,2,2,0,0,,,,,,,0,
File,"rpng2-win.c_repl_getch.c",14,,13,6,1,0,1,,,,10,10,9,0,1,,,,,,,0,
File,"rpng2-win.c_rpng2_win_cleanup.c",20,,20,2,1,0,0,,,,8,6,2,0,4,,,,,,,1,
File,"rpng2-win.c_rpng2_win_create_window.c",92,,92,19,7,0,0,,,,72,31,24,0,8,,,,,,,1,
File,"rpng2-win.c_rpng2_win_display_row.c",65,,65,7,5,0,0,,,,47,11,7,0,4,,,,,,,1,
File,"rpng2-win.c_rpng2_win_finish_display.c",14,,10,4,7,1,3,,,,3,5,4,0,1,,,,,,,0,
File,"rpng2-win.c_rpng2_win_init.c",29,,29,1,0,0,0,,,,16,1,1,0,0,,,,,,,0,
File,"rpng2-win.c_rpng2_win_load_bg_image.c",181,,181,24,12,0,0,,,,162,62,51,0,11,,,,,,,1,
File,"rpng2-win.c_rpng2_win_wndproc.c",32,,32,1,0,0,0,,,,13,1,1,0,0,,,,,,,0,
File,"rpng2-x.c_is_number.c",10,,10,2,2,0,0,,,,3,4,2,0,2,,,,,,,1,
File,"rpng2-x.c_main.c",328,,217,28,66,126,18,,,,150,97,33,8,58,,,,,,,4,
File,"rpng2-x.c_rpng2_x_cleanup.c",32,,31,7,1,0,1,,,,14,12,7,0,5,,,,,,,2,
File,"rpng2-x.c_rpng2_x_create_window.c",174,,171,29,21,1,2,,,,103,62,30,1,31,,,,,,,2,
File,"rpng2-x.c_rpng2_x_display_row.c",167,,167,11,11,0,0,,,,110,21,12,0,9,,,,,,,2,
File,"rpng2-x.c_rpng2_x_finish_display.c",9,,9,4,2,0,0,,,,3,5,4,0,1,,,,,,,0,
File,"rpng2-x.c_rpng2_x_init.c",30,,30,1,0,0,0,,,,17,1,1,0,0,,,,,,,0,
File,"rpng2-x.c_rpng2_x_load_bg_image.c",227,,227,28,14,0,0,,,,197,68,55,0,13,,,,,,,1,
File,"rpng2-x.c_rpng2_x_msb.c",11,,11,2,4,0,0,,,,6,6,2,0,6,,,,,,,2,
File,"rpng2-x.c_rpng2_x_redisplay_image.c",198,,166,5,0,32,6,,,,126,4,4,0,0,,,,,,,0,
File,"rpng2-x.c_rpng2_x_reload_bg_image.c",157,,0,0,0,176,1,,,,142,0,0,0,0,,,,,,,0,
Static Function,"rpng2_win_cleanup",19,0,19,1,0,0,0,0,16,1,8,4,0,0,4,5,5,5,1,0,0,1,0
Static Function,"rpng2_win_create_window",91,0,91,18,6,0,0,3,9,1,72,28,21,0,8,5,5,5,1,2,0,1,0
Static Function,"rpng2_win_display_row",64,0,64,7,4,0,0,0,4,1,47,10,6,0,4,3,3,3,1,1,0,1,0
Static Function,"rpng2_win_finish_display",13,0,9,3,7,1,3,1,1,0,3,3,2,0,1,1,1,1,1,0,0,0,0
Static Function,"rpng2_win_load_bg_image",180,0,180,22,11,0,0,2,5,1,162,59,48,0,11,5,5,5,1,3,0,1,0
Static Function,"rpng2_x_cleanup",31,0,31,6,0,0,0,0,24,1,14,10,5,0,5,6,6,6,1,0,0,2,0
Static Function,"rpng2_x_create_window",173,0,170,28,20,1,2,2,5799,4,103,60,28,1,31,21,21,21,9,14,9,2,9
Static Function,"rpng2_x_display_row",166,0,166,11,10,0,0,0,15,1,110,20,11,0,9,7,7,8,1,5,0,2,0
Static Function,"rpng2_x_finish_display",8,0,8,3,2,0,0,1,1,0,3,3,2,0,1,1,1,1,1,0,0,0,0
Static Function,"rpng2_x_load_bg_image",226,0,226,26,13,0,0,2,13,1,197,65,52,0,13,7,7,7,1,5,0,1,0
Static Function,"rpng2_x_msb",10,0,10,2,3,0,0,1,3,0,6,5,1,0,6,3,3,3,3,2,2,2,2
Static Function,"rpng2_x_redisplay_image",197,0,165,5,0,32,6,0,1,0,126,3,3,0,0,1,1,1,1,0,0,0,0
Static Function,"rpng_win_cleanup",11,0,11,1,0,0,0,0,4,1,4,2,0,0,2,3,3,3,1,0,0,1,0
Static Function,"rpng_win_create_window",53,0,53,9,2,0,0,1,2,0,41,12,9,0,3,2,2,2,1,1,0,1,0
Static Function,"rpng_win_display_image",64,0,64,2,0,0,0,1,1,0,45,1,1,0,0,1,1,1,1,0,0,0,0
Static Function,"sBIT0_error_fn",7,0,7,2,0,0,0,0,1,0,3,1,1,0,0,1,1,1,1,0,0,0,0
Static Function,"sBIT_error_fn",13,0,13,4,0,0,0,0,1,0,6,3,3,0,0,1,1,1,1,0,0,0,0
Function,"sRGB",5,3,5,2,1,0,0,2,1,0,1,2,1,0,1,1,1,1,1,0,0,0,0
Static Function,"sRGB",5,1,5,2,1,0,0,3,1,0,1,3,2,0,1,1,1,1,1,0,0,0,0
Static Function,"safe_read",38,2,38,7,17,0,0,2,11,1,16,23,7,1,15,7,7,7,6,15,15,3,14
Static Function,"safecat_color_encoding",37,3,37,4,15,0,0,2,10,1,24,20,2,0,18,5,5,5,1,0,0,2,0
Static Function,"safecat_current_encoding",10,3,10,4,3,0,0,2,2,0,3,5,2,0,3,2,2,2,1,0,0,1,0
Static Function,"safecatn",6,4,6,3,3,0,0,3,1,0,3,4,2,0,2,1,1,1,1,0,0,0,0
Static Function,"sample",25,0,25,2,1,0,0,1,2,0,12,1,0,0,1,2,2,2,1,0,0,1,0
Static Function,"sample_scale",10,2,10,1,6,0,0,2,3,0,4,6,0,0,6,3,3,3,1,1,0,1,0
Static Function,"sbit_modification_init",11,0,11,2,0,0,0,0,1,0,7,1,1,0,0,1,1,1,1,0,0,0,0
Static Function,"sbit_modify",40,1,40,4,7,0,0,1,3,0,18,8,3,0,5,3,3,3,3,2,2,1,2
Static Function,"sequential_row",41,0,41,7,0,0,0,0,1,0,20,6,6,0,0,1,1,1,1,0,0,0,0
Static Function,"set_color",10,0,10,3,0,0,0,0,1,0,4,0,0,0,0,1,1,1,1,0,0,0,0
Static Function,"set_modifier_for_read",14,0,14,2,0,0,0,1,1,0,9,1,1,0,0,1,1,1,1,0,0,0,0
Static Function,"set_store_for_read",38,0,22,9,1,12,4,1,2,0,15,10,9,0,1,2,2,2,1,0,0,1,0
Static Function,"set_store_for_write",37,0,21,2,0,12,4,1,1,0,14,1,1,0,0,1,1,1,1,0,0,0,0
Static Function,"set_text",33,0,33,4,0,0,0,0,1,0,13,2,2,0,0,1,1,1,1,0,0,0,0
Static Function,"set_value",49,1,49,5,18,0,0,1,6,1,21,22,3,3,16,8,4,8,6,15,15,3,15
Static Function,"signal_handler",40,1,40,7,22,0,0,3,4,1,22,27,7,0,20,2,2,2,1,3,0,1,0
Static Function,"size_row",13,0,13,1,1,0,0,0,2,0,5,1,0,0,1,2,2,2,1,0,0,1,0
Static Function,"srgb_modification_init",20,0,20,2,2,0,0,0,2,0,10,2,1,0,1,2,2,2,1,1,0,1,0
Static Function,"srgb_modify",9,1,9,3,2,0,0,2,1,0,4,4,2,0,2,1,1,1,1,0,0,0,0
Static Function,"standard_check_text",68,0,68,8,25,0,0,1,480,3,31,34,7,0,28,11,11,11,1,2,0,2,0
Static Function,"standard_display_init",32,0,32,7,0,0,0,0,1,0,23,5,5,0,0,1,1,1,1,0,0,0,0
Static Function,"standard_height",8,0,8,2,0,0,0,1,1,0,3,3,3,0,0,1,1,1,1,0,0,0,0
Static Function,"standard_image_validate",13,0,13,4,0,0,0,0,1,0,7,2,2,0,0,1,1,1,1,0,0,0,0
Static Function,"standard_info_imp",15,0,15,7,2,0,0,0,2,0,5,7,5,1,1,2,2,2,1,1,0,1,0
Static Function,"standard_info_part1",93,0,93,18,13,0,0,0,62,2,40,37,18,5,14,10,10,10,1,6,0,3,0
Static Function,"standard_info_part2",12,0,12,8,0,0,0,0,1,0,5,7,7,0,0,1,1,1,1,0,0,0,0
Static Function,"standard_name",32,6,32,5,16,0,0,3,12,1,15,18,2,0,16,5,5,5,1,1,0,2,0
Static Function,"standard_name",12,4,12,3,4,0,0,3,2,0,4,4,0,0,4,2,2,2,1,0,0,1,0
Static Function,"standard_name_from_id",7,0,7,4,0,0,0,1,1,0,1,8,8,0,0,1,1,1,1,0,0,0,0
Static Function,"standard_palette_init",21,0,14,3,3,5,3,0,4,1,7,6,2,0,4,4,4,4,4,2,2,3,2
Static Function,"standard_palette_validate",28,0,28,10,7,0,0,2,2,0,12,12,8,0,4,2,2,2,1,0,0,1,0
Static Function,"standard_row",10,0,10,5,0,0,0,0,1,0,2,6,6,0,0,1,1,1,1,0,0,0,0
Static Function,"standard_row_validate",31,0,29,8,3,0,2,0,4,1,10,9,7,0,2,3,3,3,1,0,0,1,0
Static Function,"standard_rowsize",7,0,7,2,0,0,0,1,1,0,3,3,3,0,0,1,1,1,1,0,0,0,0
Static Function,"standard_test",46,0,46,5,0,0,0,0,1,0,19,3,3,0,0,1,1,1,1,0,0,0,0
Static Function,"standard_text_validate",20,0,20,5,3,0,0,0,2,0,7,4,3,0,1,2,2,2,1,1,0,1,0
Static Function,"standard_width",9,0,9,2,0,0,0,1,1,0,3,1,1,0,0,1,1,1,1,0,0,0,0
Static Function,"stop_invalid",5,0,5,3,0,0,0,1,1,0,1,2,2,0,0,1,1,1,1,0,0,0,0
Static Function,"store_current_palette",8,0,8,2,0,0,0,1,1,0,3,1,1,0,0,1,1,1,1,0,0,0,0
Static Function,"store_delete",8,0,8,5,0,0,0,0,1,0,4,4,4,0,0,1,1,1,1,0,0,0,0
Static Function,"store_ensure_image",39,1,39,5,3,0,0,0,7,1,23,8,3,0,5,5,5,5,4,3,3,3,3
Static Function,"store_freebuffer",10,0,10,1,1,0,0,0,2,0,3,1,0,0,1,2,2,2,1,0,0,1,0
Static Function,"store_freefile",18,0,18,2,1,0,0,0,3,0,8,3,1,0,2,3,3,3,1,0,0,2,0
Static Function,"store_freenew",12,0,12,2,1,0,0,0,2,0,5,2,1,0,1,2,2,2,1,0,0,1,0
Static Function,"store_image_check",23,0,23,2,2,0,0,0,2,0,9,3,1,1,1,2,2,2,1,1,0,1,0
Static Function,"store_image_free",19,0,19,3,1,0,0,0,3,0,7,4,2,0,2,3,3,3,1,0,0,2,0
Static Function,"store_image_row",11,0,11,2,0,0,0,1,1,0,4,1,1,0,0,1,1,1,1,0,0,0,0
Static Function,"store_init",33,0,33,3,0,0,0,0,1,0,29,2,2,0,0,1,1,1,1,0,0,0,0
Static Function,"store_log",10,0,10,4,0,0,0,0,1,0,2,2,2,0,0,1,1,1,1,0,0,0,0
Static Function,"store_memory_free",22,0,22,2,5,0,0,0,5,1,7,9,1,4,4,5,5,5,1,4,0,2,0
Static Function,"store_message",31,3,31,3,7,0,0,2,8,1,11,9,1,0,8,5,5,5,1,2,0,2,0
Static Function,"store_pool_delete",37,0,37,4,1,0,0,0,2,0,17,4,3,0,1,2,2,2,1,0,0,1,0
Static Function,"store_pool_error",7,0,7,3,0,0,0,0,1,0,2,2,2,0,0,1,1,1,1,0,0,0,0
Static Function,"store_pool_init",10,0,10,2,0,0,0,0,1,0,6,1,1,0,0,1,1,1,1,0,0,0,0
Static Function,"store_pool_mark",6,0,6,2,0,0,0,0,1,0,2,2,2,0,0,1,1,1,1,0,0,0,0
Static Function,"store_progressive_read",13,0,13,4,0,0,0,0,1,0,4,4,4,0,0,1,1,1,1,0,0,0,0
Static Function,"store_read_buffer_avail",19,0,19,3,2,0,0,1,2,0,7,4,2,0,2,2,2,2,1,0,0,1,0
Static Function,"store_read_buffer_next",19,0,19,2,3,0,0,1,3,0,8,5,1,0,4,3,3,3,3,2,2,2,2
Static Function,"store_read_buffer_size",7,0,7,1,0,0,0,1,1,0,2,0,0,0,0,1,1,1,1,0,0,0,0
Static Function,"store_read_imp",20,0,20,4,0,0,0,0,1,0,8,4,4,0,0,1,1,1,1,0,0,0,0
Static Function,"store_read_reset",24,0,8,1,0,14,4,0,1,0,9,0,0,0,0,1,1,1,1,0,0,0,0
Static Function,"store_read_set",23,0,23,7,0,0,0,0,1,0,11,6,6,0,0,1,1,1,1,0,0,0,0
Static Function,"store_storefile",19,0,19,4,0,0,0,0,1,0,14,3,3,0,0,1,1,1,1,0,0,0,0
Static Function,"store_storenew",13,0,13,3,0,0,0,0,1,0,7,2,2,0,0,1,1,1,1,0,0,0,0
Static Function,"store_verbose",11,0,11,6,1,0,0,0,1,0,5,4,4,0,0,1,1,1,1,0,0,0,0
Static Function,"store_write_palette",17,1,17,4,1,0,0,1,2,0,6,4,3,0,1,2,2,2,1,0,0,1,0
Static Function,"store_write_reset",19,0,16,3,1,1,2,0,2,0,6,3,2,0,1,2,2,2,1,0,0,1,0
Static Function,"strcode",15,1,15,1,9,0,0,1,2,0,8,10,0,0,10,1,1,1,1,1,0,1,0
Static Function,"summarize_gamma_errors",22,1,22,4,4,0,0,1,4,1,11,6,2,1,3,3,3,3,1,1,0,1,0
File,"tarith.c_check_all_characters.c",11,,11,3,4,0,0,,,,5,8,3,0,7,,,,,,,3,
File,"tarith.c_check_one_character.c",142,,142,14,28,0,0,,,,60,46,16,1,29,,,,,,,3,
File,"tarith.c_check_some_characters.c",18,,18,5,5,0,0,,,,7,11,4,1,8,,,,,,,4,
File,"tarith.c_main.c",40,,39,8,21,0,1,,,,18,28,9,0,19,,,,,,,2,
File,"tarith.c_png_exp.c",5,,5,1,0,0,0,,,,1,1,1,0,0,,,,,,,0,
File,"tarith.c_png_exp16bit.c",5,,5,1,0,0,0,,,,1,1,1,0,0,,,,,,,0,
File,"tarith.c_png_exp8bit.c",5,,5,1,0,0,0,,,,1,1,1,0,0,,,,,,,0,
File,"tarith.c_png_fixed_warning.c",5,,4,2,0,0,1,,,,1,2,2,0,0,,,,,,,0,
File,"tarith.c_png_log16bit.c",7,,7,1,1,0,0,,,,2,2,1,0,1,,,,,,,0,
File,"tarith.c_png_log8bit.c",6,,6,1,1,0,0,,,,2,2,1,0,1,,,,,,,0,
File,"tarith.c_png_warning.c",5,,4,2,0,0,1,,,,1,2,2,0,0,,,,,,,0,
File,"tarith.c_validation_ascii_to_fp.c",153,,153,40,83,0,0,,,,75,105,45,0,62,,,,,,,5,
File,"tarith.c_validation_checkfp.c",43,,43,7,7,0,0,,,,27,13,7,0,6,,,,,,,2,
File,"tarith.c_validation_gamma.c",141,,140,25,79,0,1,,,,72,96,35,0,89,,,,,,,4,
File,"tarith.c_validation_muldiv.c",97,,97,17,33,0,0,,,,59,45,20,0,25,,,,,,,3,
Static Function,"test_one_file",30,2,28,10,10,0,2,3,4,1,16,17,8,0,9,4,4,4,3,4,3,2,3
Static Function,"test_one_file",88,2,63,14,27,38,4,6,21,1,36,34,16,3,18,9,9,12,8,10,10,4,10
Function,"test_one_file",645,0,153,31,26,409,161,3,90,2,259,69,35,3,35,14,14,14,9,14,14,3,13
Static Function,"test_size",49,0,30,6,1,15,4,1,1,0,22,7,6,0,1,1,1,1,1,0,0,0,0
Static Function,"test_standard",18,0,18,5,1,0,0,1,1,0,8,6,5,0,1,1,1,1,1,0,0,0,0
Static Function,"testimage",75,0,54,10,2,37,2,1,1,0,44,11,9,0,2,1,1,1,1,0,0,0,0
File,"timepng.c_add_one_file.c",35,,35,9,11,0,0,,,,18,22,9,3,12,,,,,,,3,
File,"timepng.c_main.c",67,,67,14,15,0,0,,,,26,27,15,1,13,,,,,,,4,
File,"timepng.c_mytime.c",9,,9,4,4,0,0,,,,4,9,5,0,4,,,,,,,1,
File,"timepng.c_perform_one_test.c",55,,55,13,19,0,0,,,,24,35,15,0,22,,,,,,,4,
File,"timepng.c_read_png.c",45,,44,14,5,0,1,,,,29,22,16,0,8,,,,,,,1,
Static Function,"transform_disable",17,0,17,2,1,0,0,1,1,0,6,2,1,0,1,1,1,1,1,0,0,0,0
Static Function,"transform_display_init",12,0,12,3,0,0,0,0,1,0,6,1,1,0,0,1,1,1,1,0,0,0,0
Static Function,"transform_enable",25,0,25,4,5,0,0,1,2,0,10,6,3,0,3,2,2,2,1,1,0,1,0
Static Function,"transform_from_formats",126,1,126,4,10,0,0,1,43,2,53,14,2,1,11,11,11,11,3,9,3,4,3
Static Function,"transform_height",24,0,23,2,0,0,1,1,1,0,6,1,1,0,0,1,1,1,1,0,0,0,0
Static Function,"transform_image_validate",100,0,100,11,7,0,0,0,3,0,55,17,12,0,5,3,3,3,1,2,0,2,0
Static Function,"transform_info_imp",85,0,85,19,13,0,0,1,12,1,46,25,18,0,10,5,5,5,1,1,0,1,0
Static Function,"transform_range_check",34,10,34,13,21,0,0,5,2,0,24,27,9,0,20,2,2,4,1,0,0,1,0
Static Function,"transform_row",86,0,86,4,0,0,0,0,1,0,53,2,2,0,0,1,1,1,1,0,0,0,0
Static Function,"transform_rowsize",6,0,6,3,0,0,0,1,1,0,1,1,1,0,0,1,1,1,1,0,0,0,0
Static Function,"transform_set_encoding",17,0,17,7,2,0,0,0,3,0,5,9,6,1,2,3,3,3,1,1,0,2,0
Static Function,"transform_test",51,0,43,4,0,7,2,0,1,0,26,2,2,0,0,1,1,1,1,0,0,0,0
Static Function,"type_char",8,0,8,1,0,0,0,1,1,0,2,0,0,0,0,1,1,1,1,0,0,0,0
Static Function,"type_name",8,0,8,2,0,0,0,0,1,0,4,2,2,0,0,1,1,1,1,0,0,0,0
Static Function,"type_sep",6,0,6,2,0,0,0,0,1,0,2,1,1,0,0,1,1,1,1,0,0,0,0
Static Function,"u16d",6,1,6,2,1,0,0,2,1,0,2,2,1,0,1,1,1,1,1,0,0,0,0
Static Function,"u8d",6,1,6,2,1,0,0,2,1,0,2,2,1,0,1,1,1,1,1,0,0,0,0
Static Function,"uarb_mult32",13,1,13,3,2,0,0,2,2,0,4,4,2,0,2,2,2,2,1,0,0,1,0
Static Function,"uarb_printx",13,1,13,3,3,0,0,0,3,0,3,5,2,1,2,3,3,3,1,1,0,2,0
Static Function,"usage",8,0,8,2,1,0,0,1,1,0,2,2,1,0,1,1,1,1,1,0,0,0,0
Static Function,"usage",8,0,8,2,1,0,0,2,1,0,2,2,1,0,1,1,1,1,1,0,0,0,0
Static Function,"usage",177,0,170,6,1,5,4,1,1,0,8,6,5,0,1,1,1,1,1,0,0,0,0
Function,"validation_ascii_to_fp",152,4,152,31,82,0,0,15,1921,3,74,93,33,0,62,22,22,32,5,18,9,5,8
Function,"validation_checkfp",42,3,42,5,7,0,0,2,3,0,27,10,4,0,6,3,3,4,3,4,3,2,2
Function,"validation_gamma",140,3,140,21,78,0,0,13,84420604,8,72,88,27,0,89,36,36,44,4,6,6,4,6
Function,"validation_muldiv",96,3,96,16,32,0,0,3,55,2,59,43,18,0,25,10,10,11,1,4,0,3,0
Static Function,"white_point",9,0,9,1,0,0,0,1,1,0,5,0,0,0,0,1,1,1,1,0,0,0,0
File,"wpng.c_dos_kbd_gets.c",14,,0,0,0,13,1,,,,8,0,0,0,0,,,,,,,0,
File,"wpng.c_main.c",531,,470,46,138,42,33,,,,268,206,57,7,146,,,,,,,5,
File,"wpng.c_wpng_cleanup.c",20,,20,3,1,0,0,,,,8,7,3,0,4,,,,,,,1,
File,"wpng.c_wpng_isvalid_latin1.c",12,,12,2,6,0,0,,,,6,9,3,0,8,,,,,,,2,
Static Function,"wpng_cleanup",19,0,19,2,0,0,0,0,16,1,8,5,1,0,4,5,5,5,1,0,0,1,0
Static Function,"wpng_isvalid_latin1",11,1,11,2,5,0,0,1,5,1,6,8,2,0,8,4,4,4,3,1,1,2,1
Static Function,"write_one_file",65,0,65,15,11,0,0,1,14,1,22,28,14,4,10,9,9,9,8,14,13,5,13
Static Function,"write_png",30,1,27,9,3,2,2,1,2,0,13,12,9,0,3,2,2,2,1,0,0,1,0
Static Function,"write_png",121,3,121,31,13,0,0,2,56,2,72,47,31,1,22,10,10,10,3,4,2,2,2
File,"writepng.c_writepng_cleanup.c",8,,8,2,0,0,0,,,,3,2,2,0,0,,,,,,,0,
File,"writepng.c_writepng_encode_image.c",14,,14,5,3,0,0,,,,9,8,5,0,3,,,,,,,1,
File,"writepng.c_writepng_error_handler.c",15,,15,6,2,0,0,,,,8,8,6,0,2,,,,,,,1,
File,"writepng.c_writepng_init.c",97,,97,1,0,0,0,,,,61,2,2,0,0,,,,,,,0,
File,"writepng.c_writepng_version_info.c",8,,8,3,0,0,0,,,,3,3,3,0,0,,,,,,,0,
Function,"writepng_cleanup",7,0,7,2,0,0,0,0,1,0,3,1,1,0,0,1,1,1,1,0,0,0,0
Function,"writepng_encode_image",14,0,14,5,2,0,0,1,2,0,9,7,4,0,3,2,2,2,1,1,0,1,0
Static Function,"writepng_error_handler",14,0,14,5,1,0,0,1,2,0,8,6,4,0,2,2,2,2,1,1,0,1,0
Function,"writepng_version_info",7,1,7,2,0,0,0,0,1,0,2,1,1,0,0,1,1,1,1,0,0,0,0
Static Function,"zlib_end",48,1,48,12,10,0,0,1,18,1,24,24,12,0,12,8,8,8,1,4,0,3,0
Static Function,"zlib_flevel",13,0,13,2,1,0,0,1,1,0,6,3,2,0,1,1,1,1,1,0,0,0,0
